anno,mes,codigo_partido_nacional,votos,siglas,partido,denominacion
2008,03,000225,1.1289335E7,PSOE,PSOE,PARTIDO SOCIALISTA OBRERO ESPAÑOL
2004,03,000146,1.1026163E7,PSOE,PSOE,PARTIDO SOCIALISTA OBRERO ESPAÑOL
2011,11,000128,1.0866566E7,P.P.,PP,PARTIDO POPULAR
2000,03,000113,1.0321178E7,PP,PP,PARTIDO POPULAR
2008,03,000209,1.027801E7,P.P.,PP,PARTIDO POPULAR
1982,10,000077,1.0127392E7,PSA-PSOE,PSOE,PARTIDO SOCIALISTA OBRERO ESPAÑOL DE ANDALUCIA
2004,03,000130,9763144.0,PP,PP,PARTIDO POPULAR
1996,03,000091,9716006.0,PP,PP,PARTIDO POPULAR
1996,03,000108,9425678.0,PSOE-A,PSOE,PARTIDO SOCIALISTA OBRERO ESPAÑOL DE ANDALUCIA
1993,06,000001,9150083.0,PSOE-A,PSOE,PART. SOCIALISTA OBRERO ESPAÑOL DE ANDALUCIA
1986,06,000060,8901718.0,PSOE,PSOE,PARTIDO SOCIALISTA OBRERO ESPAÑOL
1993,06,000002,8201463.0,PP,PP,PARTIDO POPULAR
1989,10,000001,8115568.0,PSOE-A,PSOE,PART. SOCIALISTA OBRERO ESPAÑOL DE ANDALUCIA
2016,06,000068,7941236.0,PP,PP,PARTIDO POPULAR
2000,03,000135,7918752.0,PSOE-PROGR.,PSOE,PARTIDO SOCIALISTA OBRERO ESPAÑOL - PROGRESISTAS
2019,04,000096,7513142.0,PSOE,PSOE,PARTIDO SOCIALISTA OBRERO ESPAÑOL
2015,12,903316,7236965.0,PP,PP,PARTIDO POPULAR
2011,11,000137,7003511.0,PSOE,PSOE,PARTIDO SOCIALISTA OBRERO ESPAÑOL
2019,11,000094,6792199.0,PSOE,PSOE,PARTIDO SOCIALISTA OBRERO ESPAÑOL
1977,06,000087,6310391.0,UCD,UCD,UNION DE CENTRO DEMOCRATICO
1979,03,000062,6268593.0,UCD,UCD,UNION DE CENTRO DEMOCRATICO
1982,10,000005,5548107.0,AP-PDP,AP,ALIANZA POPULAR - PARTIDO DEMOCRATA POPULAR
2015,12,903484,5545315.0,PSOE,PSOE,PARTIDO SOCIALISTA OBRERO ESPAÑOL
1979,03,000056,5469813.0,PSOE,PSOE,PARTIDO SOCIALISTA OBRERO ESPAÑOL
2016,06,000077,5443846.0,PSOE,PSOE,PARTIDO SOCIALISTA OBRERO ESPAÑOL
1977,06,000078,5371866.0,PSOE,PSOE,PARTIDO SOCIALISTA OBRERO ESPAÑOL
1989,10,000002,5285972.0,PP,PP,PARTIDO POPULAR
1986,06,000009,5247677.0,AP-PDP-PL,AP,COALICION POPULAR
2019,11,000083,5047040.0,PP,PP,PARTIDO POPULAR
2019,04,000083,4373653.0,PP,PP,PARTIDO POPULAR
2019,04,000022,4155665.0,Cs,Cs,CIUDADANOS-PARTIDO DE LA CIUDADANÍA
2019,11,000116,3656979.0,VOX,Vox,VOX
2015,12,901079,3514528.0,C´s,Cs,CIUDADANOS-PARTIDO DE LA CIUDADANÍA
2016,06,000059,3227123.0,PODEMOS-IU-,UP,UNIDOS PODEMOS POR ANDALUCÍA
2015,12,903736,3198584.0,PODEMOS,Podemos,PODEMOS
2016,06,000013,3141570.0,C's,Cs,CIUDADANOS-PARTIDO DE LA CIUDADANÍA
2019,04,000077,2897419.0,PODEMOS-IU,UP,UNIDAS PODEMOS
2019,04,000117,2688092.0,VOX,Vox,VOX
1996,03,000041,2639774.0,IULV-CA,IU,IZQUIERDA UNIDA LOS VERDES-CONVOC. POR ANDALUCIA
2019,11,000078,2381960.0,PODEMOS-IU LV CA,UP,UNIDAS PODEMOS
1993,06,000004,2253722.0,IU-CA,IU,IZQUIERDA UNIDA-CONVOCATORIA POR ANDALUCIA
1979,03,000007,2177156.0,CD,CD,COALICION DEMOCRATICA
1979,03,000038,1938487.0,PCE,PCE,PARTIDO COMUNISTA DE ESPAÑA
1986,06,000015,1861912.0,CDS,CDS,CENTRO DEMOCRATICO Y SOCIAL
1989,10,000004,1858588.0,IU-CA,IU,IZQUIERDA UNIDA-CONVOCATORIA POR ANDALUCIA
1977,06,000062,1709890.0,PCE,PCE,PARTIDO COMUNISTA DE ESPAÑA
2011,11,000088,1686040.0,IULV-CA,IU,IZQUIERDA UNIDA LOS VERDES-CONVOCATORIA POR ANDALUCÍA: LA IZQUIERDA PLURAL(IULV-CA)
2019,11,000018,1650318.0,Cs,Cs,CIUDADANOS-PARTIDO DE LA CIUDADANÍA
1989,10,000003,1617716.0,CDS,CDS,CENTRO DEMOCRATICO Y SOCIAL
1977,06,000009,1504771.0,AP,AP,FEDERACION DE PARTIDOS DE ALIANZA POPULAR
1982,10,000081,1425093.0,UCD,UCD,UNION DE CENTRO DEMOCRATICO
2004,03,000070,1284081.0,IULV-CA,IU,IZQUIERDA UNIDA-VERDES-CONVOCATORIA POR ANDALUCIA
2000,03,000063,1263043.0,IULV-CA,IU,IZQUIERDA UNIDA LOS VERDES-CONVOC. POR ANDALUCIA
1993,06,000055,1165783.0,CIU,CiU,CONVERGENCIA I UNIO
1996,03,000015,1151633.0,CIU,CiU,CONVERGENCIA I UNIO
2011,11,000168,1143225.0,UPyD,UPyD,UNIÓN PROGRESO Y DEMOCRACIA
1989,10,000055,1032243.0,CIU,CiU,CONVERGENCIA I UNIO
2019,04,000037,1020392.0,ERC-SOBIRAN,ERC,ESQUERRA REPUBLICANA DE CATALUNYA-SOBIRANISTES
2011,11,000026,1015691.0,CiU,CiU,CONVERGÈNCIA I UNIÓ
1986,06,000017,1014258.0,CIU,CiU,CONVERGENCIA I UNIO
2000,03,000026,970421.0,CIU,CiU,CONVERGENCIA I UNIO
2008,03,000116,969946.0,IULV-CA,IU,IZQUIERDA UNIDA LOS VERDES-CONVOCATORIA POR ANDALUCIA - ALTERNATIVA
1986,06,000030,935504.0,IU,IU,COALICION IZQUIERDA UNIDA
2015,12,905033,929880.0,EN COMÚ,UP,EN COMÚ PODEM
2015,12,904850,926783.0,"IULV-CA,UPe",IU,UNIDAD POPULAR: IZQUIERDA UNIDA LOS VERDES-CONVOCA
2019,11,000031,874859.0,ERC-SOBIRANISTES,ERC,ESQUERRA REPUBLICANA DE CATALUNYA-SOBIRANISTES
2016,06,000022,853102.0,ECP,UP,EN COMÚ PODEM-GUANYEM EL CANVI
1982,10,000055,846515.0,PCA-PCE,PCE,PARTIDO COMUNISTA DE ANDALUCIA-PCE
2004,03,000033,835471.0,CiU,CiU,CONVERGENCIA i UNIO
1977,06,000080,816582.0,PSP-US,PSP-US,PARTIDO SOCIALISTA POPULAR - UNIDAD SOCIALISTA
2008,03,000061,779425.0,CiU,CiU,CONVERGENCIA I UNIO
1982,10,000018,772726.0,CIU,CiU,CONVERGENCIA I UNIO
2015,12,905008,673549.0,PODEMOS-COM,Podemos,COMPROMÍS-PODEMOS-ÉS EL MOMENT
2016,06,000055,659771.0,PODEMOS-COM,Podemos,COMPROMÍS-PODEMOS-EUPV: A LA VALENCIANA
2004,03,000041,652196.0,ERC,ERC,ESQUERRA REPUBLICANA DE CATALUNYA
2016,06,000025,632234.0,ERC-CATSÍ,ERC,ESQUERRA REPUBLICANA/CATALUNYA SÍ
2019,04,000032,615665.0,ECP-GUANYEM,UP,EN COMÚ PODEM - GUANYEM EL CANVI
1982,10,000015,604309.0,CDS,CDS,CENTRO DEMOCRATICO Y SOCIAL
2015,12,905063,601782.0,ERC-CATSÍ,ERC,ESQUERRA REPUBLICANA DE CATALUNYA-CATALUNYA SÍ
2015,12,904991,567253.0,DL,DL,DEMOCRÀCIA I LLIBERTAT. CONVERGÈNCIA. DEMÒCRATES.
2019,11,000028,549173.0,ECP-GUANYEM,UP,EN COMÚ PODEM-GUANYEM EL CANVI
2019,11,000041,530225.0,JxCAT-JUNTS,Junts,JUNTS PER CATALUNYA-JUNTS
1977,06,000066,514647.0,PDPC,PDPC,COALICION ELECT.PACTE DEMOCRATIC PER CATALUNYA
2019,04,000049,500787.0,JxCAT-JUNTS,Junts,JUNTS PER CATALUNYA-JUNTS
2016,06,000010,483488.0,CDC,CDC,CONVERGÈNCIA DEMOCRÀTICA DE CATALUNYA
1979,03,000010,483353.0,CIU,CiU,COALICION CONVERGENCIA Y UNIO
2004,03,000036,420980.0,EAJ-PNV,PNV,EUSKO ALDERDI JELTZALEA-PARTIDO NACIONALISTA VASCO
1993,06,000003,414740.0,CDS,CDS,CENTRO DEMOCRATICO Y SOCIAL
2015,12,905041,410698.0,PODEMOS-En,Podemos,EN MAREA
2019,04,000027,395884.0,EAJ-PNV,PNV,EUZKO ALDERDI JELTZALEA-PARTIDO NACIONALISTA VASCO
1982,10,000020,395656.0,EAJ-PNV,PNV,PARTIDO NACIONALISTA VASCO-EUZKO ALDERDI JELTZALEA
2019,11,000022,379002.0,EAJ-PNV,PNV,EUZKO ALDERDI JELTZALEA-PARTIDO NACIONALISTA VASCO
1979,03,000067,378964.0,UN,UN,PARTIDO UNION NACIONAL
2000,03,000029,353953.0,EAJ-PNV,PNV,EUZKO ALDERDI JELTZALEA-PARTIDO NACIONALISTA VASCO
2016,06,000056,347542.0,PODEMOS-EN MAREA-ANOVA-EU,UP,EN MAREA
2011,11,000003,334498.0,AMAIUR,AMAIUR,AMAIUR
2019,11,000046,330345.0,MÁS PAÍS-AN,MP,MÁS PAÍS-ANDALUCÍA
2019,04,000054,328299.0,PACMA,PACMA,PARTIDO ANIMALISTA CONTRA EL MALTRATO ANIMAL
1979,03,000051,325842.0,PSA-PA,PSA-PA,PARTIDO ANDALUCISTA
2011,11,000054,324317.0,E.A.J.-P.N.V.,PNV,EUZKO ALDERDI JELTZALEA-PARTIDO NACIONALISTA VASCO
1996,03,000022,318951.0,EAJ-PNV,PNV,EUZKO ALDERDI JELTZALEA-PARTIDO NACIONALISTA VASCO
1986,06,000021,309610.0,EAJ-PNV,PNV,PARTIDO NACIONALISTA VASCO
2000,03,000013,306268.0,BNG,BNG,BLOQUE NACIONALISTA GALEGO
2008,03,000084,306128.0,EAJ-PNV,PNV,EUZKO ALDERDI JELTZALEA-PARTIDO NACIONALISTA VASCO
2008,03,000271,306079.0,UPyD,UPyD,UNION PROGRESO Y DEMOCRACIA
2015,12,901533,302316.0,EAJ-PNV,PNV,EUZKO ALDERDI JELTZALEA-PARTIDO NACIONALISTA VASCO
2008,03,000076,298139.0,ESQUERRA,ERC,ESQUERRA REPUBLICANA DE CATALUNYA
1979,03,000047,296597.0,PNV,PNV,EUZKO ALDERDI JELTZALEA-PARTIDO NACIONALISTA VASCO
1977,06,000069,296193.0,PNV,PNV,EUZKO ALDERDI JELTZALEA-PARTIDO NACIONALISTA VASCO
1993,06,000094,291448.0,EAJ-PNV,PNV,EUSKO ALDERDI JELTZALEA-PARTIDO NACIONALISTA VASCO
2016,06,000016,287014.0,EAJ-PNV,PNV,EUZKO ALDERDI JELTZALEA-PARTIDO NACIONALISTA VASCO
2016,06,000041,286702.0,PACMA,PACMA,PARTIDO ANIMALISTA CONTRA EL MALTRATO ANIMAL
2019,11,000029,277621.0,EH Bildu,EH Bildu,EUSKAL HERRIA BILDU
2019,04,000033,259647.0,EH Bildu,EH Bildu,EUSKAL HERRIA BILDU
2011,11,000045,256985.0,ESQUERRA,ERC,ESQUERRA REPUBLICANA
1989,10,000094,254681.0,PNV-NV,PNV,NACIONALISTAS DE NAVARRA-NAFARROAKO ABERTZALEAK
2000,03,000014,248261.0,CC,CC,COALICION CANARIA
2019,11,000020,246971.0,CUP-PR,CUP,CANDIDATURA D'UNITAT POPULAR-PER LA RUPTURA
2019,04,000075,238061.0,PODEMOS-EU-,UP,EN COMÚN-UNIDAS PODEMOS
2004,03,000017,235221.0,CC,CC,COALICION CANARIA
1986,06,000028,231722.0,HB,HB,HERRI BATASUNA
1986,06,000035,229695.0,MUC,MUC,MESA PARA LA UNIDAD DE LOS COMUNISTAS
2019,11,000055,228856.0,PACMA,PACMA,PARTIDO ANIMALISTA CONTRA EL MALTRATO ANIMAL
1996,03,000010,220418.0,CC,CC,COALICION CANARIA
2015,12,902744,220369.0,PACMA,PACMA,PARTIDO ANIMALISTA CONTRA EL MALTRATO ANIMAL
1996,03,000009,220147.0,BNG,BNG,BLOQUE NACIONALISTA GALEGO
1989,10,000008,219883.0,RUIZ-MATEOS,RUIZ-MATEOS,AGRUPACION RUIZ-MATEOS
2015,12,901528,219125.0,EH Bildu,EH Bildu,EUSKAL HERRIA BILDU
1989,10,000077,217278.0,HB,HB,HERRI BATASUNA
2011,11,000039,216748.0,EQUO,EQUO,EQUO
1977,06,000032,215841.0,FDC-EDC,FDC-EDC,COALICION ELECT. EQUIPO DE LA DEMOCRACIA CRISTIANA
1989,10,000025,212687.0,PA,PA,PARTIDO ANDALUCISTA
2008,03,000026,212543.0,B.N.G.,BNG,BLOQUE NACIONALISTA GALEGO
1982,10,000034,210601.0,HB,HB,AGRUPACION ELECTORES HERRI BATASUNA
2004,03,000015,208688.0,BNG,BNG,BLOQUE NACIONALISTA GALEGO
1993,06,000005,207077.0,CC,CC,COALICION CANARIA
1993,06,000077,206876.0,HB,HB,HERRI BATASUNA
2000,03,000086,206255.0,PA,PA,PARTIDO ANDALUCISTA
2000,03,000036,194715.0,ERC,ERC,ESQUERRA REPUBLICANA DE CATALUNYA
1986,06,000050,194538.0,PRD,PRD,PARTIDO REFORMISTA DEMOCRATICO
1979,03,000060,192798.0,PTE,PTE,PARTIDO DEL TRABAJO DE ESPAÑA
1993,06,000062,189632.0,ERC,ERC,ESQUERRA REPUBLICANA DE CATALUNYA
2019,11,000074,188231.0,PODEMOS-EU,UP,EN COMÚN-UNIDAS PODEMOS
1993,06,000048,185940.0,VERDES,VERDES,LOS VERDES DE ANDALUCIA
2016,06,000023,184713.0,EH Bildu,EH Bildu,EUSKAL HERRIA BILDU
2011,11,000014,184037.0,B.N.G.,BNG,BLOQUE NACIONALISTA GALEGO
2004,03,000098,181868.0,PA,PA,PARTIDO ANDALUCISTA
1996,03,000036,181304.0,HB,HB,HERRI BATASUNA
2019,11,000048,176287.0,MÉS COMPROM,MP,MÉS COMPROMÍS
2008,03,000050,174629.0,CC-PNC-PIL,CCa,COALICION CANARIA-PARTIDO NACIONALISTA CANARIO-PARTIDO DE INDEPENDIENTES DE LANZAROTE
2019,04,000020,173821.0,COMPROMÍS 2,Compromís,COMPROMÍS: BLOC-INICIATIVA-VERDSEQUO
1977,06,000088,172791.0,UDC-IDCC,UDC-IDCC,UNIO DEL CENTRE I LA DEM. CRISTIANA DE CATALUNYA
1979,03,000019,172110.0,HB,HB,HERRI BATASUNA
1996,03,000025,167641.0,ERC,ERC,ESQUERRA REPUBLICANA DE CATALUNYA
1989,10,000014,157103.0,LV-LV,LV-LV,LOS VERDES-LISTA VERDE
2015,12,904475,155153.0,UPYD,UPyD,UNIÓN PROGRESO Y DEMOCRACIA
1989,10,000086,144924.0,UV,UV,UNIO VALENCIANA
1993,06,000030,144544.0,PAR,PAR,PARTIDO ARAGONES
1977,06,000028,143954.0,EC-FED,ERC,COALICION ELECTORAL ESQUERRA DE CATALUÑA
2011,11,000024,143881.0,CC-NC-PNC,CCa-NCa,COALICIÓN CANARIA-NUEVA CANARIAS
1982,10,000026,138118.0,ERC,ERC,ESQUERRA REPUBLICANA DE CATALUNYA
2019,04,000015,137664.0,CCa-PNC,CCa,COALICION CANARIA-PARTIDO NACIONALISTA CANARIO
1989,10,000074,136955.0,EA,EA,EUSKO ALKARTASUNA
1989,10,000015,136335.0,LVE,LVE,LOS VERDES ECOLOGISTAS
1996,03,000068,134800.0,PA,PA,PARTIDO ANDALUCISTA
1979,03,000057,133869.0,PSOE-H,PSOE-H,PART. SOCIALISTA OBRERO ESPAÑOL(SECTOR HISTORICO)
1993,06,000113,129293.0,EA-EUE,EA-EUE,COALICION EUSKO ALKARTASUNA-EUSKAL EZKERRA
1979,03,000032,127517.0,ORT,ORT,ORGANIZACION REVOLUCIONARIA DE LOS TRABAJADORES
1993,06,000067,126965.0,BNG,BNG,BLOQUE NACIONALISTA GALEGO
2011,11,000012,125306.0,COMPROMÍS-Q,Compromís,BLOC-INICIATIVA-VERDS-EQUO-COALICIÓ COMPROMÍS
2019,11,000013,124289.0,NC-CCa-PNC,NC-CCa-PNC,NUEVA CANARIAS-COALICIÓN CANARIA
1979,03,000015,123452.0,ERFN,ERC,ESQUERRA REPUBLICANA DE CATALUNYA - FRONT NACIONAL
1977,06,000033,122608.0,FDI,FDI,FRENTE DEMOCRATICO DE IZQUIERDAS
2019,11,000010,120456.0,BNG,BNG,BLOQUE NACIONALISTA GALEGO
2000,03,000058,119290.0,IC-V,ICV,INICIATIVA PER CATALUNYA-VERDS
1996,03,000021,115861.0,EA,EA,EUSKO ALKARTASUNA
2019,04,000042,113807.0,FRONT REPUB,FRONT REPUB,POBLE LLIURE - SOM ALTERNATIVA - PIRATES DE CATALU
1993,06,000086,112341.0,UV,UV,UNIO VALENCIANA
1982,10,000033,108746.0,FN,FN,ASOCIACION POLITICA FUERZA NUEVA
2019,04,000052,107619.0,NA+,NA+,NAVARRA SUMA
1986,06,000022,107053.0,EE,EE,EUSKADIKO EZKERRA
1989,10,000075,105238.0,EE,EE,EUSKADIKO EZKERRA
1982,10,000078,103133.0,PST,PST,PARTIDO SOCIALISTA DE LOS TRABAJADORES
2011,11,000107,102144.0,PACMA,PACMA,PARTIDO ANIMALISTA CONTRA EL MALTRATO ANIMAL
1977,06,000012,101916.0,ASDCI,ASDCI,ALIANZA SOCIALISTA DEMOCRATICA
2000,03,000028,100742.0,EA,EA,EUSKO ALKARTASUNA
1982,10,000021,100326.0,EE,EE,EUSKADIKO EZKERRA - IZQUIERDA PARA EL SOCIALISMO
2011,11,000060,99473.0,FAC,FAC,FORO DE CIUDADANOS
2019,11,000053,99078.0,NA+,NA+,NAVARRA SUMA
2011,11,000040,97673.0,Eb,Eb,ESCAÑOS EN BLANCO
1993,06,000025,96513.0,PA,PA,PARTIDO ANDALUCISTA
2019,04,000012,94433.0,BNG,BNG,BLOQUE NACIONALISTA GALEGO
2004,03,000027,94252.0,CHA,CHA,CHUNTA ARAGONESISTA
1986,06,000036,94008.0,PA,PA,PARTIDO ANDALUCISTA
1996,03,000124,91575.0,UV,UV,UNIO VALENCIANA
1989,10,000005,86257.0,PTE-UC,PTE-UC,PARTIDO TRABAJADORES DE ESPAÑA-UNIDAD COMUNISTA
1979,03,000013,85677.0,EE,EE,EUSKADIKO EZKERRA
1979,03,000026,84856.0,MC-OIC,MC,MOVIMIENTO COMUNISTA-ORGANIZ.IZQUIERDA COMUNISTA
1989,10,000062,84756.0,ERC,ERC,ESQUERRA REPUBLICANA DE CATALUNYA
1986,06,000025,84628.0,ERC,ERC,ESQUERRA REPUBLICANA DE CATALUNYA
1982,10,000071,84474.0,PSA-PA,PSA-PA,PARTIDO SOCIALISTA DE ANDALUCIA - PARTIDO ANDALUZ
2015,12,904744,81917.0,CCa-PNC,CCa,COALICIÓN CANARIA - PARTIDO NACIONALISTA CANARIO
1989,10,000013,81218.0,PST,PST,PARTIDO SOCIALISTA DE LOS TRABAJADORES
2004,03,000035,80905.0,EA,EA,EUSKO ALKARTASUNA
1986,06,000016,79972.0,CG,CG,COALICION GALEGA
2016,06,000007,78253.0,CCa-PNC,CCa,COALICIÓN CANARIA-PARTIDO NACIONALISTA CANARIO
1986,06,000062,77914.0,PST,PST,PARTIDO SOCIALISTA DE LOS TRABAJADORES
1977,06,000004,77575.0,AET,AET,AGRUPACION ELECTORAL DE TRABAJADORES
2011,11,000106,76999.0,PA,PA,PARTIDO ANDALUCISTA
2000,03,000020,75356.0,CHA,CHA,CHUNTA ARAGONESISTA
1986,06,000039,73004.0,PAR,PAR,PARTIDO ARAGONES REGIONALISTA
2000,03,000054,72162.0,GIL,GIL,GRUPO INDEPENDIENTE LIBERAL
1989,10,000030,71733.0,PAR,PAR,PARTIDO ARAGONES REGIONALISTA
2000,03,000163,70906.0,VERDES,VERDES,LOS VERDES DE ASTURIES
2015,12,905026,70863.0,NÓS,NÓS,NÓS-CANDIDATURA GALEGA (BNG-CG-FOGA-PCPG-PG)
1993,06,000009,68851.0,LE,LE,LOS ECOLOGISTAS
2019,11,000088,68830.0,PRC,PRC,PARTIDO REGIONALISTA DE CANTABRIA
2008,03,000049,68679.0,CA,CA,COALICION ANDALUCISTA
1977,06,000008,67336.0,AN18,AN18,ALIANZA NACIONAL 18 DE JULIO
1986,06,000007,65664.0,AIC,AIC,COALICION AGRUPACIONES INDEPENDIENTES DE CANARIAS
2015,12,904223,65388.0,unio.cat,unio.cat,UNIÓ DEMOCRÀTICA DE CATALUNYA
1989,10,000041,64767.0,AIC,AIC,AGRUPACIONES INDEPENDIENTES DE CANARIAS
1986,06,000068,64403.0,UV,UV,UNIO VALENCIANA
1977,06,000084,64241.0,RSE,RSE,REFORMA SOCIAL ESPAÑOLA
1989,10,000007,62664.0,PCPA,PCPE,PARTIDO COMUNISTA DEL PUEBLO ANDALUZ
2008,03,000152,62398.0,NA-BAI,Na-Bai,NAFARROA BAI
1996,03,000058,61689.0,VERDES,VERDES,LOS VERDES DE ASTURIES
1977,06,000029,61417.0,EE,EE,EUSKADIKO EZKERRA
2004,03,000094,61045.0,Na-Bai,Na-Bai,NAFARROA BAI
1979,03,000004,60889.0,BNPG,BNPG,BLOQUE NACIONAL POPULAR GALLEGO
2011,11,000149,59949.0,PxC,PxC,PLATAFORMA PER CATALUNYA
1979,03,000005,58953.0,C-UPC,C-UPC,UNION DEL PUEBLO CANARIO
2000,03,000012,58551.0,BLOC-VERDS,BLOC-VERDS,BLOC NAC. VALENCIA-ELS VERDS-VALENCIANS PEL CANVI
2015,12,904688,58114.0,VOX,Vox,VOX
2000,03,000159,57830.0,UV,UV,UNIO VALENCIANA
1986,06,000040,57107.0,PCC,PCE,PARTIT DELS COMUNISTES DE CATALUNYA
1979,03,000003,56582.0,BEAN,BEAN,BLOC D'ESQUERRAD'ALLIBERAMENT NACIONAL
1979,03,000042,55555.0,PG-POG-PSG,PG-POG-PSG,UNIDADE GALEGA
1979,03,000020,55384.0,IR,IR,IZQUIERDA REPUBLICANA
1993,06,000008,54518.0,RUIZ-MATEOS,RUIZ-MATEOS,AGRUPACION RUIZ-MATEOS-ALIANZA DEMOCR. EUROPEA
2019,11,000043,52478.0,M PAÍS,MP,MÁS PAÍS
2019,04,000090,52266.0,PRC,PRC,PARTIDO REGIONALISTA DE CANTABRIA
2016,06,000081,51907.0,RECORTES CERO-GRUPO VERDE,RECORTES CERO-GRUPO VERDE,RECORTES CERO-GRUPO VERDE
1979,03,000036,50552.0,PCARL,PCARL,PARTIDO CARLISTA
2008,03,000083,50371.0,EA,EA,EUSKO ALKARTASUNA
2016,06,000093,50247.0,UPyD,UPyD,UNIÓN PROGRESO Y DEMOCRACIA
1996,03,000014,49739.0,CHA,CHA,CHUNTA ARAGONESISTA
2015,12,904911,48675.0,RECORTES CE,RECORTES CE,RECORTES CERO-GRUPO VERDE
1979,03,000031,47937.0,OCE-BR,OCE-BR,ORGANIZACION COMUNISTA DE ESPAÑA BANDERA ROJA
1979,03,000040,47896.0,PCT,PCT,PARTIDO COMUNISTA DE LOS TRABAJADORES
1989,10,000067,47763.0,BNG,BNG,BLOQUE NACIONALISTA GALEGO
2019,04,000104,47363.0,RECORTES CE,RECORTES CE,RECORTES CERO-GRUPO VERDE
1982,10,000054,47249.0,PCC,PCE,PARTIT DELS COMUNISTES DE CATALUNYA
2016,06,000094,47182.0,VOX,Vox,VOX
1977,06,000036,46548.0,FJONSA,FJONSA,FALANGE ESPAÑOLA DE LAS JONS AUTENTICA
2008,03,000044,46313.0,C's,Cs,CIUDADANOS-PARTIDO DE LA CIUDADANIA
1989,10,000065,45821.0,CG,CG,COALICION GALEGA
1986,06,000058,45574.0,PSG-EG,PSG-EG,PARTIDO SOCIALISTA GALEGO-ESQUERDA GALEGA
2016,06,000005,45252.0,BNG-NÓS,BNG,BNG-NÓS CANDIDATURA GALEGA
2008,03,000162,44795.0,P.A.C.M.A.,PACMA,PARTIDO ANTITAURINO CONTRA EL MALTRATO ANIMAL
1996,03,000116,44771.0,UC,UC,UNION CENTRISTA
2011,11,000132,44010.0,P.R.C.,P.R.C.,PARTIDO REGIONALISTA DE CANTABRIA
1986,06,000027,43449.0,FE-JONS,FE-JONS,FALANGE ESPAÑOLA DE LAS JONS
1993,06,000080,43169.0,PAP,PAP,PARTIDO ANDALUZ DE PROGRESO
1986,06,000064,42451.0,UCE,UCE,UNIFICACION COMUNISTA DE ESPAÑA
2011,11,000061,42415.0,GBAI,GBAI,GEROA BAI
2000,03,000152,41690.0,UPL,UPL,UNION DEL PUEBLO LEONES
2008,03,000135,41531.0,VERDES,VERDES,LOS VERDES
1977,06,000040,41208.0,FUT,FUT,FRENTE UNIDAD DE LOS TRABAJADORES
1993,06,000088,41052.0,UPV,UPV,UNITAT DEL POBLE VALENCIA
1989,10,000088,40767.0,UPV,UPV,UNITAT DEL POBLE VALENCIA
2004,03,000014,40759.0,BLOC-EV,BLOC-EV,BLOC NACIONALISTA VALENCIA-ESQUERRA VERDA
2004,03,000145,40289.0,"PSM-EN,EU,EV,ER","PSM-EN,EU,EV,ER","PSM-ENTESA NACIONALISTA,ESQUERRA UNIDA,E.VERDS,ERC"
1986,06,000067,40264.0,UPV,UPV,UNITAT DEL POBLE VALENCIA
2004,03,000025,40208.0,CENB,CENB,CIUDADANOS EN BLANCO
2008,03,000164,40054.0,PAR,PAR,PARTIDO ARAGONES
2000,03,000092,38883.0,PAR,PAR,PARTIDO ARAGONES
2004,03,000008,38560.0,ARALAR-ZUTIK,ARALAR-ZUTIK,ARALAR-ZUTIK
1982,10,000010,38437.0,B-PSG,B-PSG,BLOQUE PSG
2008,03,000038,38202.0,CHA,CHA,CHUNTA ARAGONESISTA
1979,03,000035,38042.0,PAR,PAR,PARTIDO ARAGONES REGIONALISTA
2008,03,000155,38024.0,NC-CCN,NC-CCN,NUEVA CANARIAS-CENTRO CANARIO
2004,03,000084,37499.0,LV-E,LV-E,LOS VERDES-ECOPACIFISTAS
1977,06,000016,37183.0,CAIC,CAIC,CANDIDATURA ARAGONESA INDEPENDIENTE DE CENTRO
1986,06,000001,36892.0,AC-INC,AC-INC,ASAMBLEA CANARIA-IZQUIERDA NACIONALISTA CANARIA
1979,03,000024,36662.0,LCR,LCR,LIGA COMUNISTA REVOLUCIONARIA
2004,03,000103,36540.0,PAR,PAR,PARTIDO ARAGONES
2019,04,000053,36225.0,NCa,NCa,NUEVA CANARIAS
1977,06,000030,36002.0,ESB,ESB,PARTIDO SOCIALISTA VASCO
2019,11,000101,35042.0,RECORTES CERO-GV,RECORTES CERO-GV,RECORTES CERO-GRUPO VERDE
1982,10,000085,35013.0,UPC,UPC,UNION DEL PUEBLO CANARIO
1989,10,000064,34131.0,PSG-EG,PSG-EG,PARTIDO SOCIALISTA GALEGO-ESQUERDA GALEGA
1979,03,000065,34108.0,UFV,UFV,UNION FORAL PAIS VASCO
2004,03,000024,34101.0,CDS,CDS,CENTRO DEMOCRATICO Y SOCIAL
2015,12,904976,33877.0,MÉS,MÉS,MÉS
1986,06,000033,31909.0,LV,LV,LOS VERDES
2015,12,902816,31179.0,PCPE,PCPE,PARTIDO COMUNISTA DE LOS PUEBLOS DE ESPAÑA
1977,06,000081,31138.0,PSPV,PSPV,PARTIDO SOCIALISTA DEL PAIS VALENCIA
2008,03,000144,30840.0,L.V.,L.V.,LOS VERDES-GRUPO VERDE
1982,10,000048,30643.0,NE,NE,NACIONALISTES D'ESQUERRA
2015,12,904720,30642.0,GBAI,GBAI,GEROA BAI
2004,03,000046,30528.0,EV-AE,EV-AE,ELS VERDS-L'ALTERNATIVA ECOLOGISTA
1979,03,000018,30252.0,FJONSA,FJONSA,FALANGE ESPAÑOLA DE LAS JONS AUTENTICA
2019,04,000056,30236.0,PACT,PACT,ACTÚA
1993,06,000013,30068.0,PST,PST,PARTIDO SOCIALISTA DE LOS TRABAJADORES
2008,03,000021,29989.0,aralar,aralar,ARALAR
1977,06,000053,29834.0,INDEP,INDEP,CANDIDATURA INDEPENDIENTE DE CENTRO
2008,03,000024,29760.0,BLOC-IDPV-EV-EE,BLOC-IDPV-EV-EE,BLOC-INICIATIVA-VERDS
1986,06,000012,29567.0,AV,AV,LISTA ALTERNATIVA VERDE
1982,10,000080,28451.0,SE,SE,SOLIDARIDAD ESPAÑOLA
1986,06,000069,28318.0,VERDE,VERDE,VERTICE ESPAÑOL REIVINDICACION DESARROLL ECOLOGICO
1986,06,000066,27473.0,UPR,UPR,UNIDAD  POPULAR REPUBLICANA
2019,11,000098,27272.0,PUM+J,PUM+J,POR UN MUNDO MÁS JUSTO
2011,11,000150,27210.0,PUM+J,PUM+J,POR UN MUNDO MÁS JUSTO
1977,06,000077,27197.0,PSG,PSG,PARTIDO SOCIALISTA GALEGO
1986,06,000013,27049.0,BNG,BNG,BLOQUE NACIONALISTA GALEGO
1993,06,000045,27005.0,UPCA,UPCA,UNION PARA EL PROGRESO DE CANTABRIA
1996,03,000122,26777.0,UPV-BN,UPV-BN,UNITAT DEL POBLE VALENCIA-BLOC NACIONALISTA
2016,06,000049,26627.0,PCPE,PCPE,PARTIDO COMUNISTA DE LOS PUEBLOS DE ESPAÑA
2011,11,000110,26254.0,P.C.P.E.,PCPE,PARTIDO COMUNISTA DE LOS PUEBLOS DE ESPAÑA
1982,10,000027,26148.0,EU,EU,EXTREMADURA UNIDA
1977,06,000025,26100.0,DCV,DCV,DEMOCRACIA CRISTIANA VASCA
1989,10,000058,25978.0,AV-MEC,AV-MEC,ALTERNATIVA VERDA-MOVIMENT ECOLOG. DE CATALUNYA
1982,10,000061,25830.0,PCOE,PCOE,PARTIDO COMUNISTA OBRERO ESPAÑOL
1982,10,000013,25792.0,CC,CC,CONVERGENCIA CANARIA
2008,03,000273,25454.0,UNITAT PER LES ILLES,UNITAT PER LES ILLES,UNITAT PER LES ILLES
2019,04,000006,25191.0,ARA-MES-ESQ,ARA-MES-ESQ,Veus PROGRESSISTES
1977,06,000035,25017.0,FJONS,FJONS,FALANGE ESPAÑOLA DE LAS JONS
1996,03,000107,24644.0,PSM-ENE,PSM-ENE,COALICION ELECTORAL PSM-ENE
1977,06,000090,24489.0,UNAI,UNAI,UNION NAVARRA DE IZQUIERDA
2004,03,000138,24127.0,PSA,PSA,PARTIDO SOCIALISTA DE ANDALUCIA
1982,10,000082,24044.0,UCE,UCE,UNIFICACION COMUNISTA DE ESPAÑA
1989,10,000006,24025.0,FE-JONS,FE-JONS,FALANGE ESPAÑOLA DE LAS J.O.N.S.
2000,03,000145,23576.0,CDS-UC,CDS-UC,CENTRO DEMOCRATICO Y SOCIAL-UNION CENTRISTA
2000,03,000130,23482.0,PSM-EN,PSM-EN,PSM ENTESA NACIONALISTA
2008,03,000252,23318.0,PUM+J,PUM+J,POR UN MUNDO MAS JUSTO
2019,11,000051,23196.0,M PAÍS-CHA-,MP,MÁS PAÍS-CHUNTA ARAGONESISTA-EQUO
1982,10,000056,23186.0,PCE (M-L),PCE (ML),PARTIDO COMUNISTA DE ESPAÑA (MARXISTA-LENINISTA)
1977,06,000014,22771.0,BNPG,BNPG,BLOQUE NACIONAL POPULAR GALLEGO
2019,04,000043,22309.0,GBAI,GBAI,GEROA BAI
2011,11,000005,22289.0,ANTICAPITALISTAS,ANTICAPITALISTAS,ANTICAPITALISTAS
2000,03,000078,22220.0,LVE,LVE,LOS VERDES-ECOPACIFISTAS
1982,10,000022,22192.0,EG,EG,ESQUERDA GALEGA
1977,06,000005,21900.0,AFN,AFN,ALIANZA FORAL NAVARRA
2011,11,000148,21876.0,PIRATA.CAT,PIRATA.CAT,PIRATES DE CATALUNYA
2019,04,000100,21863.0,PUM+J,PUM+J,POR UN MUNDO MÁS JUSTO
1986,06,000048,21853.0,POSI,POSI,PARTIDO OBRERO SOCIALISTA INTERNACIONALISTA
2004,03,000118,21758.0,PH,PH,PARTIDO HUMANISTA
1989,10,000042,21539.0,ACN,ACN,ASAMBLEA CANARIA NACIONALISTA
1977,06,000091,21350.0,URA,URA,UNIDAD REGIONAL ANDALUZA
1977,06,000079,21242.0,PSOE-H,PSOE-H,P. SOCIALISTA OBRERO ESPAÑOL(SECTOR HISTORICO)
1989,10,000019,21235.0,VERDE,VERDE,VERTICE ESPAÑOL REIVINDICAC. DESARROLLO ECOLOGICO
2000,03,000075,21087.0,LV-CM,LV-CM,LOS VERDES-COMUNIDAD DE MADRID
2000,03,000076,20618.0,LV-GV,LV-GV,LOS VERDES-GRUPO VERDE-SOS NATURALEZA
2008,03,000139,20419.0,LVE,LVE,LOS VERDES DE EUROPA
2008,03,000218,20126.0,PSD,PSD,PARTIDO SOCIAL DEMOCRATA
1993,06,000112,20118.0,PSM-ENE,PSM-ENE,PSM-ENE NACIONALISTES DE LES ILLES BALEARS
1977,06,000056,20109.0,LLIGA,LLIGA,LLIGA DE CATALUNYA PARTIT LIBERAL CATALA
2008,03,000175,20030.0,PCPE,PCPE,PARTIDO COMUNISTA DE LOS PUEBLOS DE ESPAÑA
2019,11,000108,19761.0,¡TERUEL EXI,¡TERUEL EXI,AGRUPACIÓN DE ELECTORES TERUEL EXISTE
2000,03,000103,19683.0,PH,PH,PARTIDO HUMANISTA
2004,03,000087,19600.0,LVCM,LVCM,LOS VERDES DE LA COMUNIDAD DE MADRID
1979,03,000052,19220.0,PSAR - PSDA,PSAR - PSDA,COALICION POR ARAGON
1982,10,000001,18757.0,AC-CC,AC-CC,ASAMBLEA CANARIA - COORDINADORA CANARIA
1993,06,000042,18608.0,PRC,PRC,PARTIDO REGIONALISTA DE CANTABRIA
1982,10,000087,18516.0,UPV,UPV,UNITAT DEL POBLE VALENCIA
2019,11,000049,18295.0,MÉS-ESQUERR,MÉS-ESQUERR,MÉS ESQUERRA
2000,03,000140,18290.0,TC-PNC,TC-PNC,TIERRA COMUNERA-PARTIDO NACIONALISTA CASTELLANO
1977,06,000006,18113.0,ANEPA-CP,ANEPA-CP,ASOC.NAL. PARA EL ESTUDIO DE PROBLEMAS ACTUALES
1977,06,000086,18079.0,UAN,UAN,UNION AUTONOMISTA DE NAVARRA
2019,04,000036,17899.0,EN MAREA,EN MAREA,EN MAREA
1977,06,000064,17717.0,PCU,PCU,PUEBLO CANARIO UNIDO
2000,03,000107,17372.0,PLN,PLN,PARTIDO DE LA LEY NATURAL
1996,03,000057,17177.0,LV-GV,LV-GV,LOS VERDES-GRUPO VERDE
1989,10,000009,17095.0,CSD,CSD,COALICION SOCIALDEMOCRATA
1996,03,000012,17020.0,CDN,CDN,CONVERGENCIA DEMOCRATAS DE NAVARRA
2004,03,000065,16993.0,IR,IR,IZQUIERDA REPUBLICANA
2004,03,000097,16918.0,P.CANNABIS,P.CANNABIS,PART. CANNABIS POR LA LEGALIZACION Y NORMALIZACION
2004,03,000117,16699.0,PFyV,PFyV,PARTIDO FAMILIA Y VIDA
1993,06,000036,16623.0,UA,UA,UNIDAD ALAVESA
1993,06,000020,16452.0,GIL,GIL,GRUPO INDEPENDIENTE LIBERAL
1986,06,000026,16091.0,EU,EU,EXTREMADURA UNIDA
1979,03,000034,16016.0,PANCAL,PANCAL,PARTIDO NACIONALISTA DE CASTILLA Y LEON
1989,10,000012,15936.0,PH,PH,PARTIDO HUMANISTA
2011,11,000162,15869.0,U.C.E.,UCE,UNIFICACIÓN COMUNISTA DE ESPAÑA
1979,03,000045,15774.0,PLIB,PLIB,PARTIDO LIBERAL
1979,03,000070,15694.0,URV,URV,UNIO REGIONAL VALENCIANISTA
1982,10,000019,15632.0,CUC,CUC,CANDIDATURA DE UNIDAD COMUNISTA
1977,06,000026,15505.0,DIV,DIV,DEMOCRATAS INDEPENDIENTES VASCOS
1993,06,000047,15246.0,PGC,PGC,PARTIDO DE GRAN CANARIA
2004,03,000034,15180.0,DN,DN,DEMOCRACIA NACIONAL
1986,06,000061,14999.0,PSPA,PSPA,PARTIDO SOCIALISTA DEL PUEBLO ANDALUZ
1996,03,000101,14854.0,PRT,PRT,PARTIDO REVOLUCIONARIO DE LOS TRABAJADORES
1996,03,000076,14513.0,PCPA,PCPE,PARTIDO COMUNISTA DEL PUEBLO ANDALUZ
2000,03,000048,14431.0,FE,FE,LA FALANGE
1989,10,000066,14411.0,PNG-PG,BNG,PARTIDO NACIONALISTA GALEGO-PARTIDO GALEGUISTA
2016,06,000030,14343.0,GBAI,GBAI,GEROA BAI
2008,03,000040,14193.0,CENB,CENB,CIUDADANOS EN BLANCO
2004,03,000159,14160.0,UPL,UPL,UNION DEL PUEBLO LEONES
2019,11,000009,14046.0,AxSÍ,AxSÍ,ANDALUCÍA POR SÍ
2008,03,000092,14023.0,F.E. de las J.O.N.S.,F.E. de las J.O.N.S.,FALANGE ESPAÑOLA DE LAS JONS
2019,04,000066,14022.0,PCTE,PCTE,PARTIDO COMUNISTA DE LOS TRABAJADORES DE ESPAÑA
1979,03,000046,13828.0,PNPV,PNPV,PARTIT NACIONALISTA DEL PAIS VALENCIA
2019,11,000061,13828.0,PCPA,PCPE,PARTIDO COMUNISTA DEL PUEBLO ANDALUZ
1996,03,000081,13482.0,PH,PH,PARTIDO HUMANISTA
2000,03,000156,13360.0,URAS,URAS,UNION RENOVADORA ASTURIANA
1993,06,000097,13097.0,UPL,UPL,UNION DEL PUEBLO LEONES
2019,11,000064,13029.0,PCTE,PCTE,PARTIDO COMUNISTA DE LOS TRABAJADORES DE ESPAÑA
2004,03,000111,12979.0,PCPE,PCPE,PARTIDO COMUNISTA DE LOS PUEBLOS DE ESPAÑA
2015,12,901412,12910.0,EL PI,EL PI,EL PI - PROPOSTA PER LES ILLES
2000,03,000099,12898.0,PCPE,PCPE,PARTIDO COMUNISTA DE LOS PUEBLOS DE ESPAÑA
2008,03,000063,12836.0,DN,DN,DEMOCRACIA NACIONAL
1989,10,000010,12807.0,AR,AR,ALIANZA POR LA REPUBLICA
2004,03,000086,12749.0,LV-GV,LV-GV,LOS VERDES-GRUPO VERDE
2019,11,000037,12709.0,GBAI,GBAI,GEROA BAI
2008,03,000067,12561.0,EV-AE,EV-AE,ELS VERDS - L'ALTERNATIVA ECOLOGISTA
2004,03,000053,12266.0,FE de las JONS,FE de las JONS,FALANGE ESPAÑOLA DE LAS JONS
1996,03,000071,12213.0,PAS,PAS,PARTIU ASTURIANISTA
2000,03,000111,12208.0,POSI,POSI,PARTIDO OBRERO SOCIALISTA INTERNACIONALISTA
1996,03,000032,12114.0,FEA,FEA,FALANGE ESPAÑOLA AUTENTICA
1996,03,000119,12049.0,UPL,UPL,UNION DEL PUEBLO LEONES
1977,06,000023,12040.0,CUPS,CUPS,UNITAT POPULAR PER SOCIALISME
1977,06,000085,11914.0,UAB,UAB,UNIO AUTONOMISTA
1977,06,000018,11879.0,CCIA,CCIA,CENTRO IZQUIERDA DE ALBACETE
1996,03,000038,11833.0,ICV-GORORDO,ICV-GORORDO,INIC.CIUDADANA VASCA/EUSKAL HURITARREN EGITEKOAK
2019,04,000035,11692.0,EL PI,EL PI,EL PI - PROPOSTA PER LES ILLES BALEARS
2016,06,000017,11669.0,EB,EB,ESCAÑOS EN BLANCO
2000,03,000043,11579.0,EV-AV,EV-AV,ELS VERDS-ALTERNATIVA VERDA
2019,04,000011,11407.0,AxSI,AxSI,ANDALUCÍA POR SÍ
1993,06,000011,11392.0,PLN,PLN,PARTIDO DE LA LEY NATURAL
1993,06,000031,11088.0,PAS,PAS,PARTIU ASTURIANISTA
1989,10,000063,10984.0,EX.U.,EX.U.,EXTREMADURA UNIDA
1979,03,000068,10970.0,UNAI,UNAI,UNION NAVARRA DE IZQUIERDA
2015,12,900993,10827.0,CCD,CCD,CIUDADANOS DE CENTRO DEMOCRÁTICO
1977,06,000092,10821.0,URAS,URAS,UNIDAD REGIONALISTA
1993,06,000063,10653.0,E U,E U,EXTREMADURA UNIDA
1977,06,000039,10606.0,FNI,FNI,FRENTE NAVARRO INDEPENDIENTE
2004,03,000156,10558.0,UM,UM,UNIO MALLORQUINA
1979,03,000050,10324.0,PRE,PRE,PARTIDO RURALISTA ESPAÑOL
2000,03,000105,10323.0,PIL,PIL,PARTIDO DE INDEPENDIENTES DE LANZAROTE
2004,03,000052,10311.0,FE,FE,LA FALANGE
2019,11,000113,10243.0,UPL,UPL,UNIÓN DEL PUEBLO LEONÉS
1993,06,000007,10233.0,PCPA,PCPE,PARTIDO COMUNISTA DEL PUEBLO ANDALUZ
2011,11,000122,10132.0,PH,PH,PARTIDO HUMANISTA
1979,03,000041,10099.0,PDPCAN,PDPCAN,PARTIDO DEL PAIS CANARIO
2015,12,901471,10084.0,EB,EB,ESCAÑOS EN BLANCO
1993,06,000026,10053.0,UMMP,UMMP,"UNIO MALLORQUINA, MENORQUINA I PITIUSA"
1979,03,000061,10022.0,SMIM,SMIM,SOCIALISTAS DE MALLORCA I MENORCA
2016,06,000028,9909.0,FE de las J,FE de las J,FALANGE ESPAÑOLA DE LAS JONS
2008,03,000099,9882.0,PFyV,PFyV,PARTIDO FAMILIA Y VIDA
1979,03,000055,9777.0,PSIN,PSIN,PARTIDO SINDICALISTA
2019,11,000057,9725.0,PCOE,PCOE,PARTIDO COMUNISTA OBRERO ESPAÑOL
1977,06,000070,9650.0,PPCAN,PPCAN,PARTIDO POPULAR CANARIO
2000,03,000037,9562.0,ES2000,ES2000,PLATAFORMA ESPAÑA 2000
1982,10,000028,9302.0,EUPV,EUPV,ESQUERRA UNIDA DEL PAIS VALENCIA
2011,11,000043,9266.0,ESPAÑA 2000,ESPAÑA 2000,ESPAÑA 2000
1993,06,000061,9249.0,PEC-VERDE,PEC-VERDE,PARTIT ECOLOGISTA DE CATALUNYA
1977,06,000027,9157.0,DSCC,DSCC,DEMOCRACIA SOCIAL CRISTIANA DE CATALUÑA
2000,03,000088,9136.0,PADE,PADE,PARTIDO DEMOCRATA ESPAÑOL
2019,04,000057,9130.0,PCOE,PCOE,PARTIDO COMUNISTA OBRERO ESPAÑOL
2008,03,000202,9056.0,PH,PH,PARTIDO HUMANISTA
2019,04,000063,8991.0,PCPE,PCPE,PARTIDO COMUNISTA DE LOS PUEBLOS DE ESPAÑA
1982,10,000047,8976.0,MFE,MFE,MOVIMIENTO FALANGISTA DE ESPAÑA
2019,11,000017,8955.0,CpM,CpM,COALICIÓN POR MELILLA
2004,03,000151,8866.0,TC-PNC,TC-PNC,TIERRA COMUNERA-PARTIDO NACIONALISTA CASTELLANO
1993,06,000012,8834.0,PH,PH,PARTIDO HUMANISTA
1982,10,000003,8748.0,AEBA,AEBA,AGRUPACION ELECTORAL BLOQUE AGRARIO
1977,06,000058,8741.0,MSA,MSA,MOVIMIENTO SOCIALISTA ANDALUZ
1993,06,000032,8667.0,POR,POR,PARTIDO OBRERO REVOLUCIONARIO
2000,03,000017,8646.0,CDN,CDN,CONVERGENCIA DEMOCRATAS DE NAVARRA
1982,10,000076,8633.0,PSM,PSM,COALICION ELECTORAL PSM-NACIONALISTES DE LES ILLES
1996,03,000056,8483.0,LV,LV,LOS VERDES DE MADRID
1977,06,000057,8461.0,MFA,MFA,MONTEJURRA-FEDERALISMO-AUTOGESTION
2008,03,000191,8451.0,PdeAL,PdeAL,PARTIDO DE ALMERIA
1977,06,000011,8439.0,ASA,ASA,AGRUP.ELEC. Y PART.INDEP. ACCION SOCIAL AGRARIA
2000,03,000148,8372.0,UM-INME,UM-INME,C.ILLES BALEARS UNIO MALLORQUINA-INDEP. DE MENORCA
1977,06,000020,8184.0,CJA,CJA,ASOCIACION CIRCULOS JOSE ANTONIO
2000,03,000056,8175.0,IA,IA,IZQUIERDA ANDALUZA
2004,03,000128,8003.0,POSI,POSI,PARTIDO OBRERO SOCIALISTA INTERNACIONALISTA
1993,06,000006,8000.0,FE-JONS,FE-JONS,FALANGE ESPAÑOLA DE LAS J.O.N.S.
1993,06,000115,7991.0,NPS,NPS,COALICION POR UN NUEVO PARTIDO SOCIALISTA
1989,10,000033,7989.0,PSM-ENE,PSM-ENE,COALICION ELECTORAL ESQUERRA NACIONALISTA
1989,10,000011,7906.0,PORE,PORE,PARTIDO DE LOS OBREROS REVOLUCIONARIOS DE ESPAÑA
2008,03,000069,7824.0,LV-EV,LV-EV,LOS VERDES-ELS VERDS
2008,03,000254,7769.0,RCN-NOK,RCN-NOK,REPRESENTACION CANNABICA NAVARRA
1986,06,000059,7539.0,PSM-EN,PSM-EN,PSM ESQUERRA NACIONALISTA
1993,06,000085,7532.0,P. RIOJANO,P. RIOJANO,PARTIDO RIOJANO
2015,12,901543,7495.0,FE de las J,FE de las J,FALANGE ESPAÑOLA DE LAS JONS
2016,06,000085,7418.0,SI,SI,SOBIRANIA PER A LES ILLES
2008,03,000206,7386.0,POSI,POSI,PARTIDO OBRERO SOCIALISTA INTERNACIONALISTA
2019,04,000009,7332.0,AVANT-LOS V,AVANT-LOS V,LOS VERDES ECOPACIFISTAS ADELANTE
2015,12,904917,7314.0,X ESQ,X ESQ,X A ESQUERDA
1996,03,000013,7312.0,CEX,CEX,COALICION EXTREMEÑA
2008,03,000014,7300.0,AES,AES,ALTERNATIVA ESPAÑOLA
1979,03,000066,7126.0,ULE,ULE,UNION PARA LA LIBERTAD DE EXPRESION
2004,03,000088,7074.0,LVRM,LVRM,LOS VERDES
2019,04,000028,7072.0,EB,EB,ESCAÑOS EN BLANCO
1996,03,000118,6943.0,UM,UM,UNIO MALLORQUINA
2008,03,000073,6906.0,E-2000,E-2000,ESPAÑA 2000
2011,11,000158,6863.0,SAIn,SAIn,SOLIDARIDAD Y AUTOGESTION INTERNACIONALISTA
1982,10,000070,6861.0,PSA,PSA,PARTIDO SOCIALISTA DE ARAGON
2019,04,000021,6857.0,CpM,CpM,COALICION POR MELILLA
2004,03,000090,6768.0,MSR,MSR,MOVIMIENTO SOCIAL REPUBLICANO
2008,03,000249,6746.0,RC,RC,PARTIT REPUBLICA CATALA
1982,10,000025,6738.0,ENV-URV,ENV-URV,ESQUERRA NACIONALISTA VALENCIANA
2016,06,000086,6647.0,SOMVAL,SOMVAL,SOM VALENCIANS
2000,03,000050,6621.0,FEI-FE 2000,FEI-FE 2000,FALANGE ESPAÑOLA INDEPENDIENTE-FALANGE 2000
2000,03,000011,6514.0,BLM,BLM,BLOQUE LOCALISTA DE MELILLA
1977,06,000051,6472.0,INDEP,INDEP,CANDIDATURA INDEPENDIENTE
1977,06,000007,6435.0,ANV,ANV,ACCION NACIONALISTA VASCA
1977,06,000049,6411.0,INDEP,INDEP,CANDIDATURA INDEP. AL CONGRESO PER PROV. GIRONA
1982,10,000069,6375.0,PS,PS,PARTIDO SOCIALISTA
1989,10,000044,6371.0,IGC,IGC,INDEPENDIENTES DE GRAN CANARIA
1993,06,000029,6344.0,CHA,CHA,CHUNTA ARAGONESISTA
1979,03,000014,6328.0,E CATALA,E CATALA,ESTAT CATALA
1979,03,000033,6290.0,P-CANT,P-CANT,PARTIDO CANTONAL
2016,06,000008,6273.0,CCD,CCD,CIUDADANOS DE CENTRO DEMOCRÁTICO
1996,03,000113,6206.0,TC-PNC,TC-PNC,TIERRA COMUNERA-PARTIDO NACIONALISTA CASTELLANO
1977,06,000055,6158.0,INDEP,INDEP,INDEPENDIENTE
2000,03,000119,6155.0,P.RIOJANO,P.RIOJANO,PARTIDO RIOJANO
1979,03,000008,6115.0,CIC,CIC,CANDIDATURA INDEPENDIENTE DEL CAMPO
2015,12,904003,6103.0,SOMVAL,SOMVAL,SOM VALENCIANS
1996,03,000067,6065.0,P.RIOJANO,P.RIOJANO,PARTIDO RIOJANO
1977,06,000024,6014.0,DCAR,DCAR,DEMOCRACIA CRISTIANA ARAGONESA
2019,11,000023,5970.0,EB,EB,ESCAÑOS EN BLANCO
2000,03,000093,5876.0,PAS,PAS,PARTIU ASTURIANISTA
2019,11,000032,5875.0,ERPV,ERC,ESQUERRA REPUBLICANA DEL PAÍS VALENCIÀ
2000,03,000169,5683.0,URCL,URCL,UNION REGIONALISTA DE CASTILLA Y LEON
1977,06,000054,5682.0,INDEP,INDEP,CANDIDATURA RIOJANA INDEPENDIENTE
2004,03,000101,5677.0,PADE,PADE,PARTIDO DEMOCRATA ESPAÑOL
2004,03,000022,5573.0,CDN,CDN,CONVERGENCIA DE DEMOCRATAS DE NAVARRA
1977,06,000038,5541.0,FN,FN,ASOCIACION POLITICA FUERZA NUEVA
1982,10,000004,5512.0,AEGI,AEGI,AGRUPACION ELECTORAL GALLEGA INDEPENDIENTE
1982,10,000037,5462.0,LC (COSI),LC (COSI),LIGA COMUNISTA (C.OBREROS SOCIAL.INTERNACIONALIS.)
2011,11,000152,5430.0,RPS,RPS,REPUBLICANOS
2008,03,000048,5424.0,CVa,CVa,COALICIO VALENCIANA
2019,11,000006,5416.0,AVANT ADELANTE LOS VERDES,AVANT ADELANTE LOS VERDES,LOS VERDES ECOPACIFISTAS ADELANTE
2019,11,000117,5416.0,XAV,XAV,POR ÁVILA
1989,10,000031,5414.0,PAS,PAS,PARTIU ASTURIANISTA
1986,06,000020,5209.0,CUN,CUN,COALICION DE UNIDAD NACIONAL
1977,06,000022,5206.0,CUP,CUP,UNIDAD POPULAR
1986,06,000047,5126.0,PORE,PORE,PARTIDO DE LOS OBREROS REVOLUCIONARIOS DE ESPAÑA
1977,06,000074,5110.0,PSCAN,PSCAN,PARTIDO SOCIALISTA DE CANARIAS
2008,03,000065,5035.0,Ei,Ei,EI ESCONS INSUBMISOS-ALTERNATIVA DELS DEMOCRATES DESCONTENTS
2004,03,000162,5013.0,VERDES,VERDES,LOS VERDES DE ASTURIES
1979,03,000012,4976.0,DSCC,DSCC,DEMOCRACIAL SOCIAL CRISTIANA DE CATALUÑA
2019,04,000108,4976.0,SOMOS REGIÓ,SOMOS REGIÓ,SOMOS REGIÓN
1989,10,000018,4942.0,PED,PED,UNIDAD CENTRISTA-P.E.D.
1979,03,000049,4939.0,PPROV,PPROV,PARTIDO PROVERISTA
1982,10,000016,4900.0,CE-FCC,CE-FCC,COALICION ELECTORAL FRONT COMUNISTA DE CATALUNYA
1986,06,000055,4885.0,PSDC,PSDC,PARTIT SOCIALDEMOCRATA DE CATALUNYA
1979,03,000002,4826.0,ARDE,ARDE,ACCION REPUBLICANA DEMOCRATICA ESPAÑOLA
1977,06,000067,4814.0,PIM,PIM,PARTIDO INDEPENDIENTE DE MADRID
2008,03,000258,4796.0,TC,TC,TIERRA COMUNERA
1977,06,000031,4791.0,FAA,FAA,FRENTE AUTONOMISTA ARAGONES
2000,03,000038,4771.0,EU,EU,EXTREMADURA UNIDA
2019,04,000058,4697.0,PCPA,PCPE,PARTIDO COMUNISTA DEL PUEBLO ANDALUZ
1993,06,000076,4663.0,CNG,CNG,CONVERXENCIA NACIONALISTA GALEGA
1993,06,000072,4647.0,TC-PNC,TC-PNC,TIERRA COMUNERA-PARTIDO NACIONALISTA CASTELLANO
2008,03,000088,4607.0,F.A.,F.A.,FALANGE AUTENTICA
1977,06,000071,4590.0,PPROV,PPROV,PARTIDO PROVERISTA
2004,03,000049,4589.0,FA,FA,FALANGE AUTENTICA
2015,12,903755,4586.0,PUM+J,PUM+J,POR UN MUNDO MÁS JUSTO
1977,06,000050,4530.0,INDEP,INDEP,INDEPENDIENTE
2008,03,000267,4509.0,UPL,UPL,UNION DEL PUEBLO LEONES
2019,04,000072,4495.0,PH,PH,PARTIDO HUMANISTA
2019,04,000110,4473.0,UIG-SOM-CUI,UIG-SOM-CUI,SOM VALENCIANS EN MOVIMENT
2015,12,903985,4400.0,SAIn,SAIn,SOLIDARIDAD Y AUTOGESTIÓN INTERNACIONALISTA
1996,03,000080,4305.0,PEC,PEC,PARTIT ECOLOGISTA DE CATALUNYA
2004,03,000104,4292.0,PAS,PAS,PARTIU ASTURIANISTA
2019,04,000038,4236.0,ERPV,ERC,ESQUERRA REPUBLICANA DEL PAÍS VALENCIÀ
2004,03,000043,4231.0,ESPAÑA 2000,ESPAÑA 2000,ESPAÑA 2000
2000,03,000008,4218.0,AU.TO.NO.MO,AU.TO.NO.MO,PARTIDO DE LOS AUTONOMOS Y PROFESIONALES
2000,03,000096,4184.0,PCL,PCL,CANDIDATURA INDEP. PARTIDO DE CASTILLA Y LEON
1977,06,000042,4118.0,ICU,ICU,IZQUIERDA CANARIA UNIDA
2004,03,000125,4092.0,PNC,PNC,PARTIDO NACIONALISTA CANARIO
1996,03,000123,4061.0,URCL,URCL,UNIDAD REGIONALISTA DE CASTILLA Y LEON
2004,03,000044,3916.0,EU,EU,EXTREMADURA UNIDA
2008,03,000256,3885.0,SAIn,SAIn,SOLIDARIDAD Y AUTOGESTION INTERNACIONALISTA
1986,06,000003,3857.0,ADEI,ADEI,AGRUPACION DE ELECTORES INDEPENDIENTES
2008,03,000018,3829.0,A.M.D.,A.M.D.,ALTERNATIVA MOTOR Y DEPORTE
2011,11,000063,3820.0,HARTOS.ORG,HARTOS.ORG,HARTOS.ORG
1977,06,000075,3786.0,PSDE,PSDE,PARTIDO SOCIALISTA DEMOCRATICO ESPAÑOL
1982,10,000032,3772.0,FIC,FIC,FRENTE DE IZQUIERDA COMUNISTA
1989,10,000069,3657.0,FPG,FPG,FRENTE POPULAR GALEGA
1979,03,000023,3614.0,LC,LC,LIGA COMUNISTA
1996,03,000065,3505.0,NA,NA,NACION ANDALUZA
2019,04,000045,3503.0,IZQP,IZQP,IZQUIERDA EN POSITIVO
2011,11,000126,3426.0,PIRATA,PIRATA,PARTIDO PIRATA
1996,03,000007,3397.0,AUN,AUN,ALIANZA POR LA UNIDAD NACIONAL
1989,10,000071,3396.0,PAM,PAM,PARTIDO REGIONAL DE MADRID
2019,04,000061,3373.0,PCPC,PCPC,PARTIT COMUNISTA DEL POBLE DE CATALUNYA
2000,03,000031,3356.0,EC,EC,ESTAT CATALA
1989,10,000070,3330.0,GRM,GRM,GRUPO DE RADICALES EN MADRID
2019,11,000114,3287.0,VERDES,VERDES,LOS VERDES
1993,06,000078,3286.0,AG,AG,ALTERNATIVA GALEGA
2015,12,902442,3278.0,CENTRO MODE,CENTRO MODE,LOS VERDES-ECOPACIFISTAS
2000,03,000083,3262.0,NA,NA,NACION ANDALUZA
1982,10,000064,3257.0,PNC,PNC,PARTIDO NACIONALISTA CANARIO
1982,10,000068,3234.0,PREPAL,PREPAL,PARTIDO REGIONALISTA DEL PAIS LEONES
1989,10,000032,3218.0,UNA,UNA,UNIDA NACIONALISTA ASTURIANA
1977,06,000065,3196.0,PDG,PDG,PARTIDO DEMOCRATA GALLEGO
2011,11,000002,3180.0,ANC,ANC,ALTERNATIVA NACIONALISTA CANARIA
1989,10,000029,3156.0,UA-CH.A,UA-CH.A,UNION ARAGONESISTA-CHUNTA ARAGONESISTA
2019,11,000072,3150.0,PH,PH,PARTIDO HUMANISTA
2004,03,000083,3133.0,LV,LV,LOS VERDES DE EXTREMADURA
2004,03,000010,3124.0,AU.TO.NO.MO,AU.TO.NO.MO,PARTIDO DE LOS AUTONOMOS Y PROFESIONALES
2016,06,000084,3110.0,SAIn,SAIn,SOLIDARIDAD Y AUTOGESTIÓN INTERNACIONALISTA
1993,06,000021,3063.0,ARDE,ARDE,A.R.D.E. FEDERACION REPUBLICANA
2008,03,000195,3050.0,PDLPEA,PDLPEA,PARTIDO DE LOS PENSIONISTAS EN ACCION
1979,03,000011,3049.0,CNA,CNA,CONCEYU NACIONALISTA ASTUR
2019,04,000003,3037.0,AHORA CANAR,AHORA CANAR,AHORA CANARIAS: Alternativa Nacionalista Canaria A
2015,12,902829,3026.0,PT,PT,PARTIDO DA TERRA
2016,06,000052,3012.0,PH,PH,PARTIDO HUMANISTA
2016,06,000011,3011.0,CENTRO MODERADO,CENTRO MODERADO,LOS VERDES-ECOPACIFISTAS
2019,11,000038,3005.0,I.Fem,I.Fem,INICIATIVA FEMINISTA
2016,06,000053,2996.0,P-LIB,P-LIB,PARTIDO LIBERTARIO
1989,10,000056,2988.0,ENV-URV,ENV-URV,ESQUERRA NACIONALISTA VALENCIANA - URV
1989,10,000051,2962.0,PREPAL,PREPAL,PARTIDO REGIONALISTA DEL PAIS LEONES
2000,03,000027,2958.0,DG,DG,DEMOCRACIA GALEGA
1977,06,000089,2946.0,UDIB,UDIB,UNION DEMOCRATA DE LAS ISLAS BALEARES
2004,03,000060,2934.0,I.DE.S.,I.DE.S.,INICIATIVA POR EL DESARROLLO DE SORIA
2004,03,000001,2930.0,A,A,ASAMBLEA DE ANDALUCIA
2008,03,000114,2899.0,IR,IR,IZQUIERDA REPUBLICANA
2011,11,000055,2898.0,FE de las JONS,FE de las JONS,FALANGE ESPAÑOLA DE LAS J.O.N.S.
1989,10,000034,2883.0,UB,UB,UNIO BALEAR
2015,12,904714,2883.0,CANARIAS DE,CANARIAS DE,"CANARIAS DECIDE: LOS VERDES, UNIDAD DEL PUEBLO Y A"
2000,03,000007,2858.0,AR,AR,ACCION REPUBLICANA
2015,12,903237,2854.0,P-LIB,P-LIB,PARTIDO LIBERTARIO
2011,11,000016,2848.0,C.D.L.,C.D.L.,CENTRO DEMOCRATICO LIBERAL
2015,12,903047,2846.0,PH,PH,PARTIDO HUMANISTA
2008,03,000217,2837.0,PARTIDO RIOJANO,PARTIDO RIOJANO,PARTIDO RIOJANO
1996,03,000098,2762.0,PREPAL,PREPAL,"SALAMANCA, ZAMORA, LEON"
1989,10,000090,2760.0,CEU,CEU,PARTIDO CEUTA UNIDA
2019,04,000024,2760.0,CxG,CxG,COMPROMISO POR GALICIA
2000,03,000106,2759.0,PKD,PKD,PARTIDO DEL KARMA DEMOCRATICO
1996,03,000112,2753.0,SOS,SOS,SOS NATURALEZA
1996,03,000019,2744.0,CR,CR,COALICION REPUBLICANA
1977,06,000044,2737.0,INDEP,INDEP,CANDIDATURA INDEPENDIENTE
2008,03,000005,2737.0,AuN,AuN,ALIANZA NACIONAL
1979,03,000017,2736.0,FEA,FEA,FALANGE ESPAÑOLA AUTENTICA
2000,03,000001,2727.0,A,A,ASAMBLEA DE ANDALUCIA
1993,06,000046,2715.0,URCL,URCL,UNIDAD REGIONALISTA DE CASTILLA Y LEON
2004,03,000007,2715.0,APCa,APCa,ALTERNATIVA POPULAR CANARIA
2000,03,000034,2713.0,EL-PAPI,EL-PAPI,"PARTIDO DE AUTONOMOS, PENSIONISTAS E INDEPENDIENT."
1993,06,000095,2681.0,PB,PB,PARTIDO DE EL BIERZO
2016,06,000009,2672.0,CCD-CI,CCD-CI,CIUDADANOS DE CENTRO DEMOCRÁTICO-CANDIDATURA INDEP
2019,04,000088,2663.0,PPSO,PPSO,PLATAFORMA DEL PUEBLO SORIANO
2004,03,000059,2662.0,GVE,GVE,GRUPO VERDE EUROPEO
1977,06,000037,2631.0,FL,FL,FEDERACION LABORISTA
1977,06,000047,2622.0,INDEP,INDEP,INDEPENDIENTE
1982,10,000012,2596.0,CC,CC,CONSERVADORS DE CATALUNYA
1996,03,000035,2567.0,FREPIC,FREPIC,FRENTE POPULAR POR LA INDEPENDENCIA DE CANARIAS
2019,04,000019,2541.0,CNV,CNV,CONVERGENTS
1982,10,000031,2528.0,FE-JONS,FE-JONS,FALANGE ESPAÑOLA DE LAS JONS
1986,06,000018,2520.0,CL,CL,COALICION CONVERGENCIA LEONESISTA
2015,12,904772,2503.0,ARAPV,ARAPV,"ARA, PAÍS VALENCIÀ"
1982,10,000049,2493.0,PADL,PADL,PARTIDO ASTURIANO DEMOCRATA LIBERAL
2008,03,000012,2460.0,aBla,aBla,ALTERNATIVA EN BLANCO
1986,06,000051,2449.0,PREPAL,PREPAL,PARTIDO REGIONALISTA DEL PAIS LEONES
2011,11,000109,2431.0,PCAS,PCAS,PARTIDO CASTELLANO
2004,03,000028,2421.0,CI,CI,CAND. INDEPENDIENTE-EL PARTIDO DE CASTILLA Y LEON
1979,03,000043,2409.0,PIPPA,PIPPA,PARTIDO INDEPENDIENTE PRO POLITICA AUSTERA
1977,06,000043,2399.0,INDEP,INDEP,AGRUPACION RIOJANA INDEPENDIENTE
2000,03,000122,2371.0,PREX-CREX,PREX-CREX,COALICION EXTREMEÑA
1996,03,000110,2365.0,PSPC,PSPC,PARTIDO SOCIALISTA DEL PUEBLO DE CEUTA
2000,03,000019,2361.0,CG,CG,COALICION GALEGA
1977,06,000045,2347.0,INDEP,INDEP,INDEPENDIENTE
2000,03,000154,2347.0,UPZ,UPZ,UNION DEL PUEBLO ZAMORANO
2008,03,000085,2346.0,EXTREMADURA UNIDA,EXTREMADURA UNIDA,EXTREMADURA UNIDA
1977,06,000072,2345.0,PRSV,PRSV,PARTIDO RADICAL SOCIALISTA DE VALENCIA
2019,11,000110,2339.0,UIG-SOM-CUIDES,UIG-SOM-CUIDES,SOM VALENCIANS EN MOVIMENT
2004,03,000048,2332.0,Ei,Ei,ESCONS INSUBMISOS-ALT. DELS DEMOCRATES DESCONTENTS
2019,11,000106,2328.0,SOMOS REGIÓ,SOMOS REGIÓ,SOMOS REGIÓN
2019,11,000040,2325.0,IZQP,IZQP,IZQUIERDA EN POSITIVO
1979,03,000048,2314.0,POC,POC,PARTIDO OBRERO Y CAMPESINO
2004,03,000121,2300.0,PKD,PKD,PARTIDO DEL KARMA DEMOCRATICO
2016,06,000091,2295.0,UPL,UPL,UNIÓN DEL PUEBLO LEONÉS
1996,03,000096,2279.0,PRCM,PRCM,PARTIDO REGIONALISTA DE CASTILLA-LA MANCHA
2004,03,000057,2257.0,FPG,FPG,FRENTE POPULAR GALEGA
1977,06,000052,2252.0,INDEP,INDEP,ELECTORS CARLINS DEL PAIS VALENCIA
2000,03,000052,2252.0,FPG,FPG,FRENTE POPULAR GALEGA
1982,10,000035,2236.0,IDG,IDG,INDEPENDIENTES Y EMIGRANTES DE GALICIA
2004,03,000026,2235.0,CG,CG,COALICION GALEGA
2004,03,000005,2215.0,ADN,ADN,ALIANZA PARA EL DESARROLLO Y LA NATURALEZA
2011,11,000169,2210.0,UxV,UxV,UNITS X VALENCIA
2019,04,000091,2190.0,PREPAL,PREPAL,PARTIDO REGIONALISTA DEL PAIS LEONES
2019,04,000017,2150.0,C.Ex-C.R.Ex,C.Ex-C.R.Ex,EXTREMEÑOS PREX CREX
2000,03,000167,2131.0,PC,PC,PARTIDO CARLISTA
2000,03,000120,2118.0,PREPAL,PREPAL,"SALAMANCA, ZAMORA, LEON PREPAL"
1986,06,000024,2116.0,ENV-URV,ENV-URV,ESQUERRA NACIONALISTA VALENCIANA
2004,03,000150,2115.0,PTPRE,PTPRE,PARTIDO DE LOS TRABAJADORES EN PRECARIO
2004,03,000069,2111.0,IRV,IRV,IDENTIDAD REINO DE VALENCIA
2000,03,000023,2103.0,CNC,CNC,CONCEJU NACIONALIEGU CANTABRU
2019,04,000089,2098.0,PR+,PR+,PARTIDO RIOJANO
1993,06,000016,2086.0,PREX,PREX,PARTIDO REGIONALISTA EXTREMEÑO
2004,03,000102,2082.0,PAE,PAE,PARTIDO DE LOS AUTONOMOS JUBILADOS Y VIUDAS
1996,03,000034,2065.0,FPG,FPG,FRENTE POPULAR GALEGA
2011,11,000114,2065.0,P-LIB,P-LIB,PARTIDO DE LA LIBERTAD INDIVIDUAL
2011,11,000133,2058.0,PREPAL,PREPAL,PARTIDO REGIONALISTA DEL PAIS LEONES
2000,03,000002,2036.0,AA,AA,ANDECHA ASTUR
2019,11,000002,2032.0,AHORA CANARIAS,AHORA CANARIAS,AHORA CANARIAS: Alternativa Nacionalista Canaria (ANC) y Unidad del Pueblo
2008,03,000068,2028.0,E.V.-A.V.,E.V.-A.V.,ELS VERDS-ALTERNATIVA VERDA
2015,12,904896,2021.0,EU-eX,EU-eX,EXTREMADURA UNIDA-EXTREMEÑOS
2019,11,000016,2015.0,CONTIGO,CONTIGO,CONTIGO SOMOS DEMOCRACIA
2011,11,000124,2007.0,POSI,POSI,PARTIDO OBRERO SOCIALISTA INTERNACIONALISTA
2019,11,000015,2000.0,CHA,CHA,CHUNTA ARAGONESISTA
1982,10,000067,1984.0,PRE,PRE,PARTIDO RURALISTA ESPAÑOL
2004,03,000003,1970.0,AA,AA,ANDECHA ASTUR
1993,06,000058,1959.0,S.E.,S.E.,SALUD Y ECOLOGIA EN SOLIDARIDAD
2008,03,000166,1956.0,P.C.,P.C.,PARTIDO CARLISTA
1986,06,000032,1952.0,LOC,LOC,LIGA OBRERA COMUNISTA
1986,06,000046,1932.0,PMCN,PMCN,PARTIDO MODERADO-CENTRISTAS DE NAVARRA
2008,03,000247,1919.0,PxCat,PxC,PARTIT PER CATALUNYA
1993,06,000070,1917.0,PRIM,PRIM,PARTIDO REGIONAL INDEPENDIENTE MADRILEÑO
2015,12,902824,1909.0,PCOE,PCOE,PARTIDO COMUNISTA OBRERO ESPAÑOL
2000,03,000101,1904.0,PEDA,PEDA,PARTIDO ESPAÑOL DE AUTONOMOS
1986,06,000019,1886.0,CN,CN,CULTURA NATURAL
2004,03,000161,1871.0,UPSa,UPSa,UNION DEL PUEBLO SALMANTINO
2011,11,000030,1867.0,D.N.,D.N.,DEMOCRACIA NACIONAL
1982,10,000030,1862.0,FE-I,FE-I,FALANGE ESPAÑOLA INDEPENDIENTE
2004,03,000047,1836.0,EV-AV,EV-AV,ELS VERDS-ALTERNATIVA VERDA
2016,06,000044,1822.0,PCOE,PCOE,PARTIDO COMUNISTA OBRERO ESPAÑOL
1979,03,000009,1820.0,CIME,CIME,CANDIDATOS INDEPENDIENTES
2004,03,000107,1813.0,PCA,PCA,PARTIDO CARLISTA
1982,10,000065,1785.0,PNC,PNC,PARTIDO NACIONALISTA CEUTI
2011,11,000134,1784.0,PRAO,PRAO,PARTIDO REGIONALISTA POR ANDALUCIA ORIENTAL
2016,06,000002,1727.0,AND,AND,PARTIDO SOMOS ANDALUCES POR ANDALUCÍA Y LOS PUEBLO
2000,03,000073,1716.0,LI (LIT-CI),LI (LIT-CI),LLUITA INTERNACIONALISTA
2011,11,000022,1712.0,Caballas,Caballas,COALICION CABALLAS
1982,10,000002,1710.0,ACI,ACI,AGRUPACION CIUDADANA INDEPENDIENTE
2015,12,901335,1704.0,DN,DN,DEMOCRACIA NACIONAL
1982,10,000041,1694.0,M.CAT.E,M.CAT.E,MOVIMIENTO CATOLICO ESPAÑOL
2000,03,000094,1690.0,PAVIEL,PAVIEL,PARTIDO DE ASOCIACION DE VIUDAS Y ESPOSAS LEGALES
1977,06,000046,1684.0,INDEP,INDEP,CANDIDATURA INDEPENDIENTE
1996,03,000111,1678.0,SIEX,SIEX,SOCIALISTAS INDEPENDIENTES DE EXTREMADURA
1996,03,000100,1671.0,PRIM,PRIM,PARTIDO REGIONAL INDEPENDIENTE MADRILEÑO
1996,03,000103,1656.0,PRV,PRV,PARTIDO ROJI-VERDE
1993,06,000037,1644.0,ACI,ACI,A.C.I. PANTERAS GRISES DE ESPAÑA
1977,06,000003,1623.0,AEICYU,AEICYU,AGRUPACION ELECTORAL INDEP. DEL CAMPO Y LA CIUDAD
2008,03,000194,1616.0,PNF (NO-FUMADORES),PNF (NO-FUMADORES),PARTIDO DE LOS NO-FUMADORES
2015,12,902171,1604.0,IFem,IFem,INICIATIVA FEMINISTA
2008,03,000269,1566.0,ULEG,ULEG,UNION POR LEGANES
2004,03,000122,1561.0,PMAR,PMAR,PARTIDO DEL MUTUO APOYO ROMANTICO
1996,03,000033,1550.0,FEI,FEI,FALANGE ESPAÑOLA INDEPENDIENTE
2000,03,000062,1541.0,IR-PRE,IR-PRE,IZQUIERDA REPUBLICANA-PARTIT REPUBLICA D'ESQUERRA
2008,03,000103,1539.0,FRENTE,FRENTE,FRENTE ESPAÑOL
1993,06,000056,1517.0,ENV,ENV,ESQUERRA NACIONALISTA VALENCIANA
1982,10,000039,1515.0,LCR,LCR,LIGA COMUNISTA REVOLUCIONARIA
1977,06,000021,1504.0,CUIR,CUIR,CANDIDATURA UNITARIA DE LA IZQUIERDA REGIONALISTA
2008,03,000031,1503.0,CDL,CDL,CENTRO DEMOCRATICO LIBERAL
2008,03,000156,1490.0,O.N.V.,O.N.V.,OPCIO NACIONALISTA VALENCIANA
1977,06,000019,1480.0,CIPYE,CIPYE,CANDIDATOS INDEP. DE LA PEQUEÑA Y MEDIANA EMPRESA
2019,11,000087,1466.0,PPSO,PPSO,PLATAFORMA DEL PUEBLO SORIANO
2000,03,000090,1462.0,PAE,PAE,PARTIDO DE LOS AUTONOMOS ESPAÑOLES PENSIONISTAS
1982,10,000063,1454.0,PDB,PDB,PARTIDO DE EL BIERZO
1996,03,000066,1452.0,NR,NR,NUEVA REGION
2011,11,000028,1443.0,C.XXI,C.XXI,CONVERXENCIA VINTEÚN
2004,03,000031,1431.0,CNC,CNC,CONCEJU NACIONALIEGU CANTABRU
2015,12,903377,1419.0,PREPAL,PREPAL,PARTIDO REGIONALISTA DEL PAÍS LEONÉS
2000,03,000158,1416.0,USI,USI,UNION SALMANTINA INDEPENDIENTE
1993,06,000069,1415.0,FE (I),FE (I),FALANGE ESPAÑOLA INDEPENDIENTE
2000,03,000139,1412.0,SIEX,SIEX,SOCIALISTAS INDEPENDIENTES DE EXTREMADURA
1989,10,000043,1411.0,SEV,SEV,SIETE ESTRELLAS VERDES
1993,06,000099,1410.0,APP,APP,AGRUPACION PALENTINA POPULAR
1993,06,000057,1407.0,ARCOIRIS,ARCOIRIS,ARCOIRIS
1986,06,000052,1401.0,PRM,PRM,PARTIDO REGIONALISTA MURCIANO
1993,06,000111,1375.0,PVPA,PVPA,LOS VERDES DEL PAIS ALICANTINO
1989,10,000089,1368.0,MV,MV,MOVIMIENTO VERDE
2000,03,000125,1363.0,PRIM,PRIM,PARTIDO REGIONAL INDEPENDIENTE MADRILEÑO
2008,03,000033,1362.0,CDS,CDS,CENTRO DEMOCRATICO Y SOCIAL
1989,10,000020,1359.0,ACI,ACI,AGRUPACION CIUDADANA INDEPENDIENTE
2019,11,000034,1347.0,EXTREMADURA UNIDA,EXTREMADURA UNIDA,EXTREMADURA UNIDA
2000,03,000110,1331.0,PNCA,PNCA,PARTIDO NACIONALISTA CALO
2004,03,000134,1322.0,PREPAL,PREPAL,"SALAMANCA, ZAMORA, LEON PREPAL"
2004,03,000096,1302.0,OtraDem,OtraDem,OTRA DEMOCRACIA ES POSIBLE
1993,06,000108,1300.0,PC,PC,PARTIDO CANTONALISTA
2008,03,000020,1299.0,AA,AA,ANDECHA ASTUR
2008,03,000216,1278.0,PREPAL,PREPAL,PARTIDO REGIONALISTA DEL PAIS LEONES
2015,12,905060,1276.0,EN POSITIU,EN POSITIU,EN POSITIU
2019,11,000068,1259.0,PDSJE,PDSJE,PARTIDO DEMÓCRATA SOCIAL JUBILADOS EUROPEOS
1996,03,000006,1237.0,AR,AR,ACCION REPUBLICANA
2004,03,000009,1237.0,ASI,ASI,AGRUPACION SOCIAL INDEPENDIENTE
1996,03,000082,1229.0,PICC,PICC,PLATAFORMA INDEPENDENT CIUTADANA DE CATALUNYA
2019,04,000073,1216.0,P-LIB,P-LIB,PARTIDO LIBERTARIO
1989,10,000050,1199.0,PANCAL,PANCAL,PARTIDO NACIONALISTA DE CASTILLA Y LEON
1993,06,000051,1193.0,PREPAL,PREPAL,PARTIDO REGIONALISTA DEL PAIS LEONES
2000,03,000095,1191.0,PB,PB,PARTIDO DE EL BIERZO
2016,06,000036,1190.0,JXC,JXC,JUNTOS POR CANARIAS
2015,12,901033,1189.0,CILUS,CILUS,CIUDADANOS LIBRES UNIDOS
1979,03,000064,1188.0,UF-FI-AT,UF-FI-AT,FALANGE ESPAÑOLA INDEPENDIENTE-UNIDAD FALANGISTA
1993,06,000017,1178.0,MCE,MCE,MOVIMIENTO CATOLICO ESPAÑOL
2019,11,000073,1171.0,P-LIB,P-LIB,PARTIDO LIBERTARIO
1986,06,000043,1169.0,PED,PED,PARTIDO ESPAÑOL DEMOCRATA
1993,06,000044,1159.0,ATF,ATF,ASAMBLEA TINERFEÑA
1993,06,000091,1155.0,PSPC,PSPC,PARTIDO SOCIALISTA DEL PUEBLO DE CEUTA
2011,11,000159,1138.0,UNIDAD DEL PUEBLO,UNIDAD DEL PUEBLO,UNIDAD DEL PUEBLO
1982,10,000009,1131.0,ASDC,ASDC,ASOCIACION SOCIALDEMOCRATA CANARIA
1977,06,000002,1099.0,ADEC,ADEC,ASOCIACION DE ELECTORES DE CEUTA
2004,03,000143,1096.0,PSICV,PSICV,P.SOCIALDEMOCRATA IND. DE LA COMUNITAT VALENCIANA
2011,11,000027,1090.0,CEx,CEx,CONVERGENCIA POR EXTREMADURA
2011,11,000004,1087.0,ANDECHA,ANDECHA,ANDECHA ASTUR
2000,03,000010,1085.0,BIA,BIA,BLOQUE DE LA IZQUIERDA ASTURIANA
2019,04,000018,1081.0,CILU-LINARE,CILU-LINARE,CIUDADANOS INDEPENDIENTES DE LINARES UNIDOS
2011,11,000021,1074.0,CCD,CCD,CIUDADANOS DE CENTRO DEMOCRÁTICO
2019,11,000042,1068.0,MAS,MAS,MOVIMIENTO ARAGONES SOCIAL
2019,11,000111,1067.0,UNIDOS SÍ-A,UNIDOS SÍ-A,UNIDOS Actuando por la Democracia
2000,03,000060,1057.0,INAR,INAR,INICIATIVA ARAGONESA
2004,03,000135,1051.0,PRF,PRF,PARTIDO REPUBLICANO
1986,06,000038,1047.0,PANCAL,PANCAL,PARTIDO NACIONALISTA DE CASTILLA Y LEON
2008,03,000029,1047.0,C.D.Es.,C.D.Es.,CENTRO DEMOCRATICO ESPAÑOL
1989,10,000085,1041.0,COA,COA,COALICION ALICANTINISTA ALICANTON
2015,12,901070,1032.0,CRA,CRA,CIUDADANOS RURALES AGRUPADOS
2015,12,902394,1026.0,Ln,Ln,"LIBERTAD NAVARRA, LIBERTATE NAFARRA"
1996,03,000024,1023.0,ENV,ENV,ESQUERRA NACIONALISTA VALENCIANA
2008,03,000019,1017.0,ANC,ANC,ALTERNATIVA NACIONALISTA CANARIA
1993,06,000052,1009.0,AIGRANC,AIGRANC,PARTIDO AGRUPACION INSULAR DE GRAN CANARIA
2015,12,905011,1003.0,AVANT,AVANT,AVANT VALENCIANS
1996,03,000072,1000.0,PB,PB,PARTIDO DE EL BIERZO
2000,03,000150,980.0,UP-CAN,UP-CAN,UNIDAD PROGRESISTAS DE CANARIAS
1989,10,000021,975.0,ARDE,ARDE,ACCION REPUBLICANA DEMOCRATICA ESPAÑOLA
2011,11,000001,966.0,ACIMA,ACIMA,ACCION CIUDADANA POR MALAGA
2004,03,000013,957.0,AxGC,AxGC,ALTERNATIVA POR GRAN CANARIA
1993,06,000014,949.0,UC,UC,UNION CASTELLANISTA
2019,11,000089,941.0,PREPAL,PREPAL,PARTIDO REGIONALISTA DEL PAÍS LEONÉS
1977,06,000001,938.0,ADC,ADC,AGRUPACION DE ELECTORES CARLISTAS
2015,12,902605,934.0,mlgXSÍ,mlgXSÍ,MÁLAGA POR SÍ
2019,04,000004,932.0,ANDECHA AST,ANDECHA AST,ANDECHA ASTUR
1989,10,000084,931.0,PEE-(LV),PEE-(LV),PARTIDO ECOLOGISTA DE EUSKADI (LISTA VERDE)
2004,03,000011,923.0,AUN,AUN,ALIANZA POR LA UNIDAD NACIONAL
2000,03,000035,920.0,ENV,ENV,ESQUERRA NACIONALISTA VALENCIANA
1989,10,000047,904.0,R. X C.,R. X C.,RADICALES POR CANTABRIA
2004,03,000002,901.0,A-IZ,A-IZ,ASAMBLEA DE IZQUIERDAS-INICIATIVA POR ANDALUCIA
2004,03,000133,892.0,PPCr,PPCr,PARTIDO POSITIVISTA CRISTIANO
2008,03,000193,888.0,PLCI,PLCI,PARTIDO DE LAS LIBERTADES CIVILES
2019,11,000003,887.0,ANDECHA,ANDECHA,ANDECHA ASTUR
1979,03,000016,876.0,FE-UF,FE-UF,FALANGE ESPAÑOLA - UNIDAD FALANGISTA
2019,04,000047,876.0,"""JF""","""JF""",PARTIDO DE JUBILADOS POR EL FUTURO. DIGNIDAD Y DEM
1977,06,000034,855.0,FEI,FEI,FALANGE ESPAÑOLA INDEPENDIENTE
2004,03,000061,854.0,IAS,IAS,IZQUIERDA ASTURIANA
2008,03,000259,848.0,UNIDA,UNIDA,UNIDA
2016,06,000051,846.0,PFyV,PFyV,FAMILIA Y VIDA
2000,03,000155,838.0,URAL,URAL,UNION REGIONALISTA ALMERIENSE
2019,04,000103,835.0,PYLN,PYLN,PUYALON
1977,06,000060,833.0,PAE,PAE,PARTIDO AGRARIO ESPAÑOL
2016,06,000012,830.0,CILUS,CILUS,CIUDADANOS LIBRES UNIDOS
2011,11,000058,829.0,PFyV,PFyV,FAMILIA Y VIDA
1989,10,000073,827.0,FE (I),FE (I),FALANGE ESPAÑOLA INDEPENDIENTE
2019,11,000047,819.0,MDyC,MDyC,MOVIMIENTO POR LA DIGNIDAD Y LA CIUDADANÍA DE CEUT
2004,03,000148,807.0,PSPC,PSPC,PARTIDO SOCIALISTA DEL PUEBLO DE CEUTA
1977,06,000068,805.0,PLI,PLI,PARTIDO LIBERAL INDEPENDIENTE
2004,03,000154,798.0,UCL,UCL,UNION CENTRISTA LIBERAL
2011,11,000103,791.0,+MAS+,+MAS+,MUERTE AL SISTEMA
2000,03,000136,788.0,PSPC,PSPC,PARTIDO SOCIALISTA DEL PUEBLO DE CEUTA
1993,06,000100,787.0,AA,AA,ANDECHA ASTUR
2008,03,000204,786.0,P.L.E.V.E.,P.L.E.V.E.,PARTIDO LIBERAL DEL EMPLEO Y LA VIVIENDA ESTATAL
2011,11,000165,785.0,U.C.I.T.,U.C.I.T.,UNION DE CIUDADANOS INDEPENDIENTES DE TOLEDO
2019,04,000041,785.0,FIA,FIA,FEDERACION DE LOS INDEPENDIENTES DE ARAGON
2011,11,000032,778.0,DeC,DeC,DEMOS EL CAMBIO
1986,06,000014,758.0,CA,CA,COALICION CANDIDATURA POR LA AUTONOMIA
2004,03,000126,757.0,PNCA,PNCA,PARTIDO NACIONALISTA CALO
1986,06,000053,756.0,PPC,PPC,PARTIDO PROVERISTA
2004,03,000165,754.0,ZU,ZU,ZAMORA UNIDA
2004,03,000155,751.0,UCM,UCM,UNIO CENTRISTES DE MENORCA
1993,06,000073,747.0,FE (A),FE (A),FALANGE ESPAÑOLA AUTENTICA
2016,06,000080,724.0,PxC,PxC,PLATAFORMA PER CATALUNYA
2016,06,000039,723.0,MAS,MAS,MOVIMIENTO ARAGONÉS SOCIAL
1996,03,000073,722.0,PCN,PCN,PARTIDO CANARIO NACIONALISTA
2008,03,000145,722.0,L.I.(LIT-CI),L.I.(LIT-CI),LLUITA INTERNACIONALISTA
2011,11,000059,720.0,CYD,CYD,FORO CENTRO Y DEMOCRACIA
1993,06,000089,715.0,UNI.D.A,UNI.D.A,UNION DEMOCRATICA ALICANTINA
2015,12,901550,714.0,PFyV,PFyV,PARTIDO FAMILIA Y VIDA
2015,12,904713,711.0,AJU,AJU,ANDALUCES DE JAÉN UNIDOS
2000,03,000082,710.0,N,N,ESTADO NACIONAL EUROPEO
2011,11,000160,709.0,U.R.C.L.,U.R.C.L.,UNIDAD REGIONALISTA DE CASTILLA Y LEON
2008,03,000261,699.0,UNIDAD DEL PUEBLO,UNIDAD DEL PUEBLO,UNIDAD DEL PUEBLO
2016,06,000035,687.0,IZAR,IZAR,IZQUIERDA ANTICAPITALISTA REVOLUCIONARIA
2016,06,000088,686.0,UNIDAD DEL PUEBLO,UNIDAD DEL PUEBLO,UNIDAD DEL PUEBLO
2011,11,000125,678.0,P.R.D.E.,P.R.D.E.,PARTIDO PARA LA REGENERACION DE LA DEMOCRACIA EN ESPAÑA
2015,12,905062,676.0,Independien,Independien,INDEPENDIENTES POR ARAGÓN
2004,03,000080,668.0,L.I. (LIT-CI),L.I. (LIT-CI),LLUITA INTERNACIONALISTA
2016,06,000072,668.0,PREPAL,PREPAL,PARTIDO REGIONALISTA DEL PAÍS LEONÉS
1996,03,000121,651.0,UPRA,UPRA,UNION PROVINCIAL ALICANTINA
2000,03,000024,650.0,CSD-L,CSD-L,COALICION SOCIAL DEMOCRATA Y LIBERAL
2019,04,000040,646.0,FE de las J,FE de las J,FALANGE ESPAÑOLA DE LAS JONS
2000,03,000016,645.0,CCS,CCS,CONVERGENCIA CIUDADANA DEL SURESTE
2008,03,000251,645.0,plRV,plRV,PER LA REPUBLICA VALENCIANA
1993,06,000074,641.0,FPE,FPE,FRENTE PROGRESISTA DE ESPAÑA
2019,11,000100,630.0,PYLN,PYLN,PUYALON
1996,03,000115,627.0,UAD,UAD,UNIDAD ANDALUZA DEMOCRATICA
2016,06,000038,622.0,Ln,Ln,"LIBERTAD NAVARRA, LIBERTATE NAFARRA"
2004,03,000051,619.0,FDE,FDE,FRENTE DEMOCRATICO ESPAÑOL
2019,11,000035,616.0,FE de las J,FE de las J,FALANGE ESPAÑOLA DE LAS JONS
1982,10,000036,610.0,IR,IR,IZQUIERDA REPUBLICANA
2000,03,000102,609.0,PF,PF,PROGRESISTAS FEDERALES
2011,11,000113,603.0,INTERNET,INTERNET,PARTIDO DE INTERNET
1986,06,000004,601.0,AE-AIC,AE-AIC,AGRUPACION ELECTORALAGRUP INDEPENDIENTE DE CEUTA
2004,03,000153,601.0,Ud Ca,Ud Ca,UNIDAD CASTELLANA
1996,03,000002,598.0,ADEC,ADEC,ACCION DEMOCRATICA CIUDADANA
2000,03,000084,598.0,NR,NR,NUEVA REGION
1993,06,000065,594.0,UDLA,UDLA,UNION DE AUTONOMIAS
2019,11,000005,585.0,AUNACV,AUNACV,AUNA COMUNITAT VALENCIANA
2004,03,000141,583.0,PSDA,PSDA,PARTIDO SOCIAL-DEMOCRATA ANDALUZ
2019,04,000039,571.0,F8,F8,FEMINISM8
2016,06,000083,570.0,REPO,REPO,RENOVACIO POLITICA
2016,06,000034,550.0,INDEPENDIEN,INDEPENDIEN,INDEPENDIENTES POR ARAGÓN
2000,03,000118,546.0,PPCR,PPCR,PARTIDO POSITIVISTA CRISTIANO
1993,06,000060,540.0,OS,OS,OCTUBRE SOCIALISTA
1982,10,000029,532.0,FA,FA,FALANGE ASTURIANA
2019,11,000112,530.0,UNIÓN REGIO,UNIÓN REGIO,UNIÓN REGIONALISTA DE CASTILLA Y LEÓN
1996,03,000125,529.0,VDPA,VDPA,VOZ DEL PUEBLO ANDALUZ
1993,06,000033,528.0,CONCEYU,CONCEYU,CONCEYU INDEPENDIENTE D'ASTURIES
2019,04,000107,528.0,SOLIDARIA,SOLIDARIA,PARTIDO DE ACCIÓN SOLIDARIA EUROPEA
2000,03,000151,524.0,UPB,UPB,UNION DEL PUEBLO BALEAR
2019,11,000012,520.0,CAnda,CAnda,CONVERGENCIA ANDALUZA
2008,03,000172,509.0,PCTR,PCTR,PARTIDO CENTRISTA
2019,04,000026,504.0,DPL,DPL,DEMOCRACIA PLURAL
2008,03,000149,497.0,MUPC,MUPC,MOVIMIENTO POR LA UNIDAD DEL PUEBLO CANARIO
1996,03,000064,495.0,N,N,ESTADO NACIONAL EUROPEO
2000,03,000160,493.0,VDPA,VDPA,VOZ DEL PUEBLO ANDALUZ
1977,06,000048,492.0,INDEP,INDEP,INDEPENDIENTE
2019,04,000112,490.0,UNIÓN REGIO,UNIÓN REGIO,UNIÓN REGIONALISTA DE CASTILLA Y LEÓN
2008,03,000174,475.0,pCUA,pCUA,PARTIDO CIUDADANOS UNIDOS DE ARAGON
1989,10,000040,472.0,TAGOROR,TAGOROR,TAGOROR O ASAMBLEA CONEJERA DE LANZAROTE
2004,03,000006,468.0,AMAGA,AMAGA,ALTERNATIVA MAGA NACIONALISTA
1993,06,000096,466.0,PIAP,PIAP,PARTIDO DE INTEGRACION POR ALMERIA Y SUS PUEBLOS
2008,03,000266,464.0,UCPIC,UCPIC,UNION CIUDADANA PROGRESISTAS INDEPENDIENTES DE CANARIAS
2019,11,000036,461.0,FIA,FIA,FEDERACIÓN DE LOS INDEPENDIENTES DE ARAGÓN
2019,04,000016,459.0,centrados,centrados,CENTRADOS
2015,12,901600,456.0,FDEE,FDEE,FORO DEMÓCRATA
2008,03,000106,449.0,IRV,IRV,IDENTITAT REGNE DE VALENCIA
1989,10,000049,426.0,PRGU,PRGU,PARTIDO REGIONALISTA DE GUADALAJARA
2000,03,000059,425.0,II,II,INICIATIVA INDEPENDIENTE
2008,03,000262,423.0,U.R.C.L.,U.R.C.L.,UNIDAD REGIONALISTA DE CASTILLA Y LEON
2011,11,000145,419.0,PRE-R,PRE-R,PARTIT REPUBLICÀ D'ESQUERRA-REPUBLICANS
1993,06,000092,416.0,ABE,ABE,ALTERNATIVA BALEAR ESPAÑOLA
2008,03,000231,414.0,P.U.E.D.E.,P.U.E.D.E.,PARTIDO UNIONISTA ESTADO DE ESPAÑA
2004,03,000158,411.0,UPB,UPB,UNION DEL PUEBLO BALEAR
2004,03,000091,410.0,N,N,ESTADO NACIONAL EUROPEO
2015,12,903992,409.0,SOLUCIONA,SOLUCIONA,SOLUCIONA
1993,06,000075,408.0,PITRCG,PITRCG,PART. POLITICO INDEPENDIENTE TOLERANTE REFERENDATA
2004,03,000152,407.0,TD,TD,COALICIO TREBALLADORS PER LA DEMOCRACIA
2015,12,904964,406.0,"JS,PC","JS,PC","JUSTIZIA SOCIAL, PARTICIPACIÓN CIUDADANA"
1996,03,000005,402.0,ALAS,ALAS,AGRUPACION LIBERAL AUTONOMISTA Y SOCIAL
2000,03,000123,400.0,PRGU,PRGU,PARTIDO REGIONALISTA DE GUADALAJARA
1989,10,000035,398.0,PRB,PRB,PARTIDO RADICAL BALEAR
2000,03,000149,388.0,UNIB,UNIB,UNION IBERICA
1993,06,000041,385.0,LG,LG,LA GENTE
2008,03,000104,385.0,PB-UB,PB-UB,GENTES DE EL BIERZO
1993,06,000043,383.0,PNC,PNC,PARTIDO NACIONALISTA CANTABRO
2011,11,000008,380.0,BASTA YA,BASTA YA,"BASTA YA, AGRUPACIÓN ABIERTA DE PARTIDOS POLÍTICOS"
1996,03,000001,379.0,ABA,ABA,ALIANCA BALEAR
2004,03,000127,379.0,PNT,PNT,PARTIDO NACIONAL DE LOS TRABAJADORES
2004,03,000082,378.0,LG,LG,PARTIDO DE LA GENTE
2016,06,000024,377.0,ENTABAN,ENTABAN,ENTABAN
2008,03,000244,360.0,PIIB,PIIB,PARTIT ILLENC DE SES ILLES BALEARS
2016,06,000033,356.0,IMC,IMC,INICIATIVA MERINDADES DE CASTILLA
2000,03,000051,343.0,FN,FN,FUERZA NUEVA
2000,03,000005,339.0,ALAS,ALAS,AGRUPACION LIBERAL AUTONOMISTA Y SOCIAL
1996,03,000099,338.0,PRGU,PRGU,PARTIDO REGIONALISTA DE GUADALAJARA
2016,06,000079,336.0,PUEDE,PUEDE,PARTIDO UNIONISTA ESTADO DE ESPAÑA
2019,04,000116,335.0,VOU,VOU,VIVIR OURENSE
2000,03,000124,334.0,PRIB,PRIB,PARTIDO RENOVADOR DE LAS ISLAS BALEARES
2004,03,000136,330.0,PRGU,PRGU,PARTIDO REGIONALISTA DE GUADALAJARA
2000,03,000142,319.0,TPC,TPC,TAGOROR PENSIONISTA DE CANARIAS
2004,03,000157,318.0,UN,UN,UNION NACIONAL
2000,03,000168,314.0,UN,UN,UNION NACIONAL
2015,12,902601,313.0,+MAS+,+MAS+,MUERTE AL SISTEMA
2004,03,000019,308.0,CCSE,CCSE,CONVERGENCIA CIUDADANA DEL SURESTE
2019,04,000025,308.0,DP,DP,DEFENSA DE LO PÚBLICO
2011,11,000117,304.0,PDYC,PDYC,PARTIDO DEMOCRATICO Y CONSTITUCIONAL
1993,06,000083,303.0,IF,IF,INDEPENDIENTES FEDERADOS DE ARAGON
1989,10,000093,301.0,PNEM,PNEM,PARTIDO NACIONALISTA ESPAÑOL DE MELILLA
2008,03,000214,300.0,PPCr,PPCr,PARTIDO POSITIVISTA CRISTIANO
1996,03,000053,296.0,LAE,LAE,LIGA AUTONOMA ESPAÑOLA
2011,11,000099,293.0,LV-GV,LV-GV,LOS VERDES-GRUPO VERDE
1993,06,000035,282.0,PRB,PRB,PARTIDO RADICAL BALEAR
1993,06,000040,278.0,P. TAGOROR,P. TAGOROR,PARTIDO TAGOROR
2019,04,000069,277.0,PDSJE-UDEC,PDSJE-UDEC,PARTIDO DEMÓCRATA SOCIAL JUBILADOS EUROPEOS - UNID
2019,11,000105,270.0,SOLIDARIA,SOLIDARIA,PARTIDO DE ACCIÓN SOLIDARIA EUROPEA
1993,06,000049,267.0,PRGU,PRGU,PARTIDO REGIONALISTA DE GUADALAJARA
1996,03,000020,265.0,DSA,DSA,DINAMICA SOCIAL ARAGONESA
2019,04,000044,257.0,IZAR,IZAR,IZQUIERDA ANTICAPITALISTA REVOLUCIONARIA
1986,06,000037,254.0,PAEC,PAEC,PARTIDO ESPAÑOL CRISTIANO
2016,06,000027,254.0,FE,FE,LA FALANGE
2019,11,000103,249.0,RISA,RISA,PARTIDO REPUBLICANO INDEPENDIENTE SOLIDARIO ANDALUZ
1989,10,000028,245.0,P.PR.,P.PR.,PARTIDO PROVERISTA
1993,06,000015,244.0,MCES,MCES,MONARQUIA CRISTIANA ESPAÑOLA SOCIALDEMOCRATA
1996,03,000054,243.0,LG,LG,PARTIDO LA GENTE
2019,11,000014,234.0,centrados,centrados,CENTRADOS
2004,03,000114,232.0,PDN,PDN,PARTIDO DEMOCRATA NACIONAL DE ESPAÑA
1977,06,000013,226.0,BAI,BAI,BLOQUE ANDALUZ DE IZQUIERDA
1982,10,000051,224.0,PC,PC,PARTIDO CARLISTA
1982,10,000050,222.0,PAE,PAE,PARTIDO AGRARIO ESPAÑOL
2008,03,000056,218.0,C.T.C.,C.T.C.,COMUNION TRADICIONALISTA CARLISTA
2008,03,000059,216.0,CDAS,CDAS,CONVERGENCIA DEMOCRATICA ASTURIANA
1996,03,000085,215.0,PIZ,PIZ,PARTIDO INTERZAMORANO
2016,06,000001,214.0,ALCD,ALCD,ALIANZA DE CENTRO DEMOCRÁTICO
2019,11,000021,214.0,DPL,DPL,DEMOCRACIA PLURAL
2000,03,000021,206.0,CIVES,CIVES,CIVES
2011,11,000064,206.0,H.D.,H.D.,HIGIENE DEMOCRATICA
2015,12,904711,205.0,PLD,PLD,PARTIDO LIBERAL DE DERECHAS
2008,03,000109,202.0,I.M.C.,I.M.C.,INICIATIVA MERINDADES DE CASTILLA
1996,03,000087,200.0,PNM,PNM,PARTIDO NACIONALISTA DE MELILLA
2016,06,000029,200.0,FME,FME,LA FUERZA DE LOS MAYORES DE ESPAÑA
2008,03,000260,198.0,Ud. Ca.,Ud. Ca.,UNIDAD CASTELLANA
2019,04,000106,190.0,RISA,RISA,PARTIDO REPUBLICANO INDEPENDIENTE SOLIDARIO ANDALU
2008,03,000190,174.0,PAIE,PAIE,PARTIDO DE ALIANZA IBEROAMERICANA EUROPEA
2011,11,000157,169.0,SXT,SXT,SOCIALISTAS POR TERUEL
1982,10,000066,168.0,PP,PP,PARTIDO PROVERISTA
2008,03,000047,159.0,TD,TD,COALICIO TREBALLADORS PER LA DEMOCRACIA
2008,03,000215,152.0,P.R.GU.,P.R.GU.,PARTIDO REGIONALISTA DE GUADALAJARA
2008,03,000010,145.0,ABA,ABA,ALIANÇA BALEAR
2008,03,000022,144.0,AVE,AVE,ASAMBLEA DE VOTACION ELECTRONICA
2008,03,000264,124.0,UCL,UCL,UNION CENTRISTA LIBERAL
2008,03,000009,123.0,AxB,AxB,ALIANZA POR BURGOS
2000,03,000081,121.0,MASH,MASH,MOVIMIENTO AL SOCIALISMO HUMANISTA
2019,11,000039,113.0,IZAR,IZAR,IZQUIERDA ANTICAPITALISTA REVOLUCIONARIA
2015,12,902687,110.0,OE,OE,ONGI ETORRI
2008,03,000108,109.0,I.C.Bur,I.C.Bur,INICIATIVA CIUDADANA BURGALESA
2008,03,000153,105.0,N som,N som,NOSALTRES SOM
2008,03,000107,100.0,ixC,ixC,INDEPENDIENTES POR CUENCA
1993,06,000098,98.0,US,US,UNION PROGRESISTA SORIANA
2000,03,000100,85.0,PDEP,PDEP,PARTIDO DEMOCRATICO DEL PUEBLO
2016,06,000031,80.0,HRTS-Ln,HRTS-Ln,HEGOALDE RIOJA-LIBERTAD NAVARRA
2008,03,000003,79.0,AGRUCI,AGRUCI,AGRUPACION CIUDADANA
2019,04,000013,73.0,C 21,C 21,CONVERXENCIA 21
2019,11,000011,72.0,C 21,C 21,CONVERXENCIA 21
1993,06,000050,70.0,PANCAL,PANCAL,PARTIDO NACIONALISTA DE CASTILLA Y LEON
2008,03,000148,68.0,M.F.E.,M.F.E.,MOVIMIENTO FALANGISTA DE ESPAÑA
2000,03,000006,60.0,AN,AN,APROME NACIONALISTA
2004,03,000058,52.0,GPHAE,GPHAE,GRUPO POLITICO HONRADEZ ABSOLUTA ESPAÑOLA
2016,06,000087,48.0,UDT,UDT,UNIÓN DE TODOS
2019,04,000050,47.0,+MAS+,+MAS+,MUERTE AL SISTEMA
1993,06,000090,42.0,INCE,INCE,INICIATIVA POR CEUTA
2019,04,000109,28.0,UDT,UDT,UNIÓN DE TODOS
2019,11,000109,26.0,UDT,UDT,UNIÓN DE TODOS
1977,06,000015,0.0,CAI,CAI,CANDIDATURA ANDALUZA DE IZQUIERDA
1982,10,000011,0.0,BIA,BIA,BLOQUE DE IZQUIERDA ASTURIANA
1982,10,000017,0.0,CIR,CIR,COORDINADORA DE LA IZQUIERDA RIOJANA
1982,10,000023,0.0,EM,EM,AGRUPACION DE ELECTORES ESQUERRA MALLORQUINA
1982,10,000062,0.0,PCU,PCU,PUEBLO CANARIO UNIDO
1986,06,000023,0.0,EMK,MC,MOVIMIENTO COMUNISTA DE EUSKADI
1986,06,000031,0.0,LKI,LKI,LIGA KOMUNISTA IRAULTZAILEA
1989,10,000016,0.0,PCE-(M.L.),PCE-(ML),PARTIDO COMUNISTA DE ESPAÑA (MARXISTA-LENINISTA)
1989,10,000083,0.0,EMK-LKI,EMK-LKI,EMK-LKI
1993,06,000010,0.0,UCE,UCE,UNIFICACION COMUNISTA DE ESPAÑA
1993,06,000018,0.0,PED,PED,UNIDAD CENTRISTA-PARTIDO ESPAÑOL DEMOCRATICO
1993,06,000027,0.0,CCL,CCL,COALICION POR CANARIAS LIBRE
1993,06,000064,0.0,FREIXES,FREIXES,GRUPO INDEPENDIENTE FREIXES
1996,03,000004,0.0,AFIT,AFIT,AGRUPACIONES FAMILIARES INDEPENDIENTES TINERFEÑAS
1996,03,000011,0.0,CCV,CCV,CENTRISTAS DE LA COMUNIDAD VALENCIANA
1996,03,000069,0.0,PAE,PAE,PARTIDO DE LOS TRABAJADORES AUTONOMOS DE ESPAÑA
1996,03,000089,0.0,POR,POR,PARTIT OBRER REVOLUCIONARI
2000,03,000032,0.0,EH,EH,EUSKAL HERRITARROK
2008,03,000200,0.0,PHache,PHache,PARTIDO HACHE
2011,11,000033,0.0,DNE,DNE,DERECHA NAVARRA Y ESPAÑOLA
